id,submit_id,nombre,ruta,semilla,n_envios,sha256
1,1,c100_esqueleto_s261431.csv,/Users/agustina/Documents/segundo-cuatrimestre/dmeyf2026/monday/competencia/experimentos/c100_esqueleto/envios/c100_esqueleto_s261431.csv,261431.0,14500,2e5d11bbda69188108b75da0af64a58c0900be92af13813bd4429053312df883
2,1,c100_esqueleto_s269281.csv,/Users/agustina/Documents/segundo-cuatrimestre/dmeyf2026/monday/competencia/experimentos/c100_esqueleto/envios/c100_esqueleto_s269281.csv,269281.0,14500,80b60b5502c4978c91c692c4f379e70030c1bee4513f9eb9aa5b35db4bb67fce
3,1,c100_esqueleto_s429899.csv,/Users/agustina/Documents/segundo-cuatrimestre/dmeyf2026/monday/competencia/experimentos/c100_esqueleto/envios/c100_esqueleto_s429899.csv,429899.0,14500,6cc7250807b36f11463aea3b7a04283776b9684907c9d23581637de955d7f80c
4,2,c107_pesos25_s127531.csv,experimentos/c107_pesos25/envios/c107_pesos25_s127531.csv,127531.0,11000,57220df5e6f9fc9fb5ec2dd4b3dd51725fb77fcca2a75175f622379a4421f8fe
5,2,c107_pesos25_s184378.csv,experimentos/c107_pesos25/envios/c107_pesos25_s184378.csv,184378.0,11000,c393df47d991eb1b8a7e18edceb12435b8a5f536d4322cc4b6d155036cf094fc
6,2,c107_pesos25_s209582.csv,experimentos/c107_pesos25/envios/c107_pesos25_s209582.csv,209582.0,11000,e708928d573d252c8a8e8c560ea61ef142d91e6deb01afcb2a61ec6728f2e118
7,2,c107_pesos25_s249236.csv,experimentos/c107_pesos25/envios/c107_pesos25_s249236.csv,249236.0,11000,3c5f6d45feb899d7e4eb91af0c11f0992ad39e219e124ba7460e8ad84a901d9c
8,2,c107_pesos25_s253684.csv,experimentos/c107_pesos25/envios/c107_pesos25_s253684.csv,253684.0,11000,c5732d7b2f9abbb848fa14c51db85a4185634a10c5b66aeebb1c97ba26cdc014
9,2,c107_pesos25_s261431.csv,experimentos/c107_pesos25/envios/c107_pesos25_s261431.csv,261431.0,11000,7d1c0d27f0dab9bd84b32970b90bfe33318eacc20ad3fc408f5822c01671bf88
10,2,c107_pesos25_s269281.csv,experimentos/c107_pesos25/envios/c107_pesos25_s269281.csv,269281.0,11000,c059b1e80aebcb426050409011eb47abc7136e5994cfdbb7e395537a10589c97
11,2,c107_pesos25_s329840.csv,experimentos/c107_pesos25/envios/c107_pesos25_s329840.csv,329840.0,11000,75ab46f3e2c9501908892e913a0305cf1e8eec64c84e8ef91196173a1cebed31
12,2,c107_pesos25_s358170.csv,experimentos/c107_pesos25/envios/c107_pesos25_s358170.csv,358170.0,11000,f4ad2eafde512be43ed20826bfdbc0e3581770dcbbba8f256fbb251633e28605
13,2,c107_pesos25_s429899.csv,experimentos/c107_pesos25/envios/c107_pesos25_s429899.csv,429899.0,11000,804f57244175ee99f962b738c57ebcedeca4d2a04d3100f3d5cca2b3e443c602
14,2,c107_pesos25_s49886.csv,experimentos/c107_pesos25/envios/c107_pesos25_s49886.csv,49886.0,11000,45d46ad0de202257ea3eed7cba4210c6a1be561513b4c3ac04e5becc806bfa03
15,2,c107_pesos25_s560771.csv,experimentos/c107_pesos25/envios/c107_pesos25_s560771.csv,560771.0,11000,cec5b700c7703b0bce752fcda9472d314a2dfd10fd64892c8b2d318cba1b7878
16,2,c107_pesos25_s572096.csv,experimentos/c107_pesos25/envios/c107_pesos25_s572096.csv,572096.0,11000,0824cd6b3a8f06e20a8b3770639f8c556ff6a735e4b2cbdc903abc825e6376b2
17,2,c107_pesos25_s583252.csv,experimentos/c107_pesos25/envios/c107_pesos25_s583252.csv,583252.0,11000,7ad8c771b74322dd51aa293f8f07431c688ed2097e681e003049157d219b1978
18,2,c107_pesos25_s678107.csv,experimentos/c107_pesos25/envios/c107_pesos25_s678107.csv,678107.0,11000,bb1c3f88d413071fa38a9cdabd4ff6fc4095242d98420a11f2606966de79bbb7
19,2,c107_pesos25_s72635.csv,experimentos/c107_pesos25/envios/c107_pesos25_s72635.csv,72635.0,11000,fe6a70cc73d426256b60a3b57418e5f73a3e31519e7a6b13f71c05214aae3df1
20,2,c107_pesos25_s749401.csv,experimentos/c107_pesos25/envios/c107_pesos25_s749401.csv,749401.0,11000,b77669c4dc0a9395fed08616e1d80dfbd51f9a8a1f1df1b0bdd4b1cb10521568
21,2,c107_pesos25_s842203.csv,experimentos/c107_pesos25/envios/c107_pesos25_s842203.csv,842203.0,11000,1a2970955184ba6f975716c53bbcf5c8a901a53c858c66d725486c1adcb56abc
22,2,c107_pesos25_s878049.csv,experimentos/c107_pesos25/envios/c107_pesos25_s878049.csv,878049.0,11000,efff04f22ef32cc320bce1019595ad4caf8ca069e4c56560afda14466ea60e09
23,2,c107_pesos25_s904620.csv,experimentos/c107_pesos25/envios/c107_pesos25_s904620.csv,904620.0,11000,5c51c83c0680aed712e252d99e500a2b5eb4aaa272337ca0364c067eab380b42
24,3,c107_pesos25_ensamble.csv,experimentos/c107_pesos25/envios/c107_pesos25_ensamble.csv,,11000,a99117cd16239940d6997b612e3c185b069d81fe87a2d9e3f000a87c78328fb4
25,4,v1_recencia_s261431.csv,experimentos/c113_sonda/envios/v1_recencia_s261431.csv,261431.0,11000,cdbbd18c4e1890b65db8388b2a96abdf12ca51cf33ff871f95222b66678f7fb2
26,4,v1_recencia_s269281.csv,experimentos/c113_sonda/envios/v1_recencia_s269281.csv,269281.0,11000,022f3dfa8ceae522a70c7f5ad316cde983d5ceda93242cb6a06edbab04bf2432
27,4,v1_recencia_s329840.csv,experimentos/c113_sonda/envios/v1_recencia_s329840.csv,329840.0,11000,cd48afc7bbcb15d7c1062aff28bf2e66be3758ad9e2b086e8248ded9e5ccde55
28,4,v1_recencia_s429899.csv,experimentos/c113_sonda/envios/v1_recencia_s429899.csv,429899.0,11000,91cd006c92ad3a34e865d881b27487b7267cc8b82bf7f9da55d4c17fbddb927c
29,4,v1_recencia_s49886.csv,experimentos/c113_sonda/envios/v1_recencia_s49886.csv,49886.0,11000,f3de100b524b1133600e1c2e968e4a050d38ede4fa39fda2d6823eaa39483763
30,4,v1_recencia_s560771.csv,experimentos/c113_sonda/envios/v1_recencia_s560771.csv,560771.0,11000,ad6999484bbd5abb1fe4b3089c9c20fef2f4408e02acc4ae2b22720d33d6fcfe
31,4,v1_recencia_s72635.csv,experimentos/c113_sonda/envios/v1_recencia_s72635.csv,72635.0,11000,b46ed7bd6674c9bc690b3751dccc408d400876906872bb5266571e76e16fecbf
32,4,v1_recencia_s749401.csv,experimentos/c113_sonda/envios/v1_recencia_s749401.csv,749401.0,11000,36a056a21b1b87f3fa85407722d6a20cb5b0972163396850d31353824aae9052
33,4,v1_recencia_s842203.csv,experimentos/c113_sonda/envios/v1_recencia_s842203.csv,842203.0,11000,2c0befda5f834bddf8ce4f7e0499d9ca6c0bb035efbaabe67fb319fdb2db141c
34,4,v1_recencia_s904620.csv,experimentos/c113_sonda/envios/v1_recencia_s904620.csv,904620.0,11000,be331c2a5deca5403509c6955fefec2ec39263089b444b2889d178ac217278af
35,5,v2_v101_s261431.csv,experimentos/c113_sonda/envios/v2_v101_s261431.csv,261431.0,11000,a32cb47584ae24f59233f556790fb2f29354cb3db196fa0a8178cb755f08d2cd
36,5,v2_v101_s269281.csv,experimentos/c113_sonda/envios/v2_v101_s269281.csv,269281.0,11000,1767dfc8bf54a8ea0aca3044a5c7bff9722641c92b0e252676260be9dd7a694a
37,5,v2_v101_s329840.csv,experimentos/c113_sonda/envios/v2_v101_s329840.csv,329840.0,11000,81e585becdbfa9f0c346a5ee96c96441c5ba6959a52bee7adc198468699749b4
38,5,v2_v101_s429899.csv,experimentos/c113_sonda/envios/v2_v101_s429899.csv,429899.0,11000,740cbe746281264b1e192e6312b226036ed3e08501478a49617a584834c568e5
39,5,v2_v101_s49886.csv,experimentos/c113_sonda/envios/v2_v101_s49886.csv,49886.0,11000,7056d557a6a16a0adba51b721d041d01722df5bf532af49470aef5e49bc5d35a
40,5,v2_v101_s560771.csv,experimentos/c113_sonda/envios/v2_v101_s560771.csv,560771.0,11000,ceae39120b6b1194e2166c2725d91764e8b2a610011225f2df8952086d7ee480
41,5,v2_v101_s72635.csv,experimentos/c113_sonda/envios/v2_v101_s72635.csv,72635.0,11000,685ec7f982623f9889fa05d2aff315de378477c18b12fade4544e614824b9c10
42,5,v2_v101_s749401.csv,experimentos/c113_sonda/envios/v2_v101_s749401.csv,749401.0,11000,16efa72c85cdd041136ff5ad9da688175c1c9088eba50acffa714c35f0de798d
43,5,v2_v101_s842203.csv,experimentos/c113_sonda/envios/v2_v101_s842203.csv,842203.0,11000,94d4d26580e7dd89b269f58ebb201a9477b96bc59aa7a0d7b1ddbca8cc2bc115
44,5,v2_v101_s904620.csv,experimentos/c113_sonda/envios/v2_v101_s904620.csv,904620.0,11000,c50d8b3b9aa206cc1c5d8f8b337a5c2c3984893f20889caadbd27adff16361c7
45,6,v3_combo_s261431.csv,experimentos/c113_sonda/envios/v3_combo_s261431.csv,261431.0,11000,8019a65a8512af7b20d860b7c287ad7134c9e63c08e944632bc0ddc237371b6d
46,6,v3_combo_s269281.csv,experimentos/c113_sonda/envios/v3_combo_s269281.csv,269281.0,11000,9cb9eb78ee6c957f3bcf575a2fe2dbd7a5cf052370e3e844310fa8498f8fed62
47,6,v3_combo_s329840.csv,experimentos/c113_sonda/envios/v3_combo_s329840.csv,329840.0,11000,8d31687e3e06da57bd502ddbc14dcac99b41a91ec691af51191989c1cf5c8956
48,6,v3_combo_s429899.csv,experimentos/c113_sonda/envios/v3_combo_s429899.csv,429899.0,11000,1095c2bc8650e02f0305409522148dd383a9e7c0dc77810732ca4ae450c45c4d
49,6,v3_combo_s49886.csv,experimentos/c113_sonda/envios/v3_combo_s49886.csv,49886.0,11000,433db5a2bf36b89ce5624d8b04fe424b58b3d133a1449a7dda2e7884af3683b6
50,6,v3_combo_s560771.csv,experimentos/c113_sonda/envios/v3_combo_s560771.csv,560771.0,11000,8bd77a8daff5c7940d4714cfacbd3256ad15f3ea11d3dd8a6189d08a014e640f
51,6,v3_combo_s72635.csv,experimentos/c113_sonda/envios/v3_combo_s72635.csv,72635.0,11000,61b8ed5e6a814ab0308ba4fdf32da148a98b6db5ff343045c4affa178e6ea9d8
52,6,v3_combo_s749401.csv,experimentos/c113_sonda/envios/v3_combo_s749401.csv,749401.0,11000,39201c5a09c3615b81bf56276d7c49b1e6ebc72d747ada714d9f57c5cf962d72
53,6,v3_combo_s842203.csv,experimentos/c113_sonda/envios/v3_combo_s842203.csv,842203.0,11000,16e9a7170f16f32f4adb1073af8c4af8546f31ddf77aa21bc0b30b16da6cd212
54,6,v3_combo_s904620.csv,experimentos/c113_sonda/envios/v3_combo_s904620.csv,904620.0,11000,ddd53d1932d9ccda8010f19fc48b9c3442783dee4e5ef236b37e0faaa94652c1
55,7,v4_reciente_s261431.csv,experimentos/c113_sonda/envios/v4_reciente_s261431.csv,261431.0,11000,a21917ad4359b6196e7202bc7afe4dafb3278ff3c47ae95319b8fff1558c3ac1
56,7,v4_reciente_s269281.csv,experimentos/c113_sonda/envios/v4_reciente_s269281.csv,269281.0,11000,ac3e997b147e73e6d8eb906a782a62d3d064f76fc256d0ffdb7efc9921d8e185
57,7,v4_reciente_s329840.csv,experimentos/c113_sonda/envios/v4_reciente_s329840.csv,329840.0,11000,b78fcffbd8ed53691165c04cc64a5496d6d1752f3aa80392657fa509b9ee6562
58,7,v4_reciente_s429899.csv,experimentos/c113_sonda/envios/v4_reciente_s429899.csv,429899.0,11000,ce2dd2189c580da8cfe4b1025502b124513f8240a855599ea16760a938ef673f
59,7,v4_reciente_s49886.csv,experimentos/c113_sonda/envios/v4_reciente_s49886.csv,49886.0,11000,b05113f8f909802cdaf6f1c4d60b2eed2d0115ab88907451b5384d0a121718a4
60,7,v4_reciente_s560771.csv,experimentos/c113_sonda/envios/v4_reciente_s560771.csv,560771.0,11000,58b9d87cf1e5671ac2ad46042273688afa1b037d9a58ea96283c8d834b8110ed
61,7,v4_reciente_s72635.csv,experimentos/c113_sonda/envios/v4_reciente_s72635.csv,72635.0,11000,80ba9d5726cfd77c7f8c9d1574e84fd00f3a18b1278d3ed797a9290ed37da69c
62,7,v4_reciente_s749401.csv,experimentos/c113_sonda/envios/v4_reciente_s749401.csv,749401.0,11000,0d509f9b3bfd796f01a8f45c8546fb11f3d3ceab735d44782faa00adc9e55075
63,7,v4_reciente_s842203.csv,experimentos/c113_sonda/envios/v4_reciente_s842203.csv,842203.0,11000,ad9add4ba516af45a490532ed9b73a98babc42f58147ab5ee4bf0ee6fa14e451
64,7,v4_reciente_s904620.csv,experimentos/c113_sonda/envios/v4_reciente_s904620.csv,904620.0,11000,4c450cd2070e4238da2748f47eae30f08092a919c6cb47a1543e755dda90872a
65,8,c113_v2_v101_ensamble.csv,experimentos/c113_sonda/envios/c113_v2_v101_ensamble.csv,,11000,e838f03143267ed16123e1b6794bf6f17df4941083c25087b2ccf7be5f6a2f0f
66,9,c133_todo.csv,/Users/agustina/Documents/segundo-cuatrimestre/dmeyf2026/monday/competencia/experimentos/c133_todo/envios/c133_todo.csv,,10000,be986fdcb479445cee6c10576c8268415a17adbbf3fe68bef6d011d5146b8dac
67,10,c135_hist.csv,/Users/agustina/Documents/segundo-cuatrimestre/dmeyf2026/monday/competencia/experimentos/c135_hist/envios/c135_hist.csv,,10000,4a4c854a9077fd38bcc84d6903eed2eb132015b483954c1ae6f80c9771089496
68,29,c130_sinprest.csv,/Users/agustina/Documents/segundo-cuatrimestre/dmeyf2026/monday/competencia/experimentos/c130_entregas/envios/c130_sinprest.csv,,10000,74cd45f1e1fb8617cb8714ad6e2960ec1732efdd08db2e9e0e48d228ed588169
69,30,c130_deflact.csv,/Users/agustina/Documents/segundo-cuatrimestre/dmeyf2026/monday/competencia/experimentos/c130_entregas/envios/c130_deflact.csv,,10000,de68ce9fafe237baf87bdccf1ae28251035fafde8ea505a28fe6471279f48bf6
70,31,c130_ambos.csv,/Users/agustina/Documents/segundo-cuatrimestre/dmeyf2026/monday/competencia/experimentos/c130_entregas/envios/c130_ambos.csv,,10000,0ac2f9d979e47303fffe77a38db1e0c67e761cb89297d3c5ca8dace712841d60
71,32,c150_histmin_s127531.csv,/Users/agustina/Documents/segundo-cuatrimestre/dmeyf2026/monday/competencia/experimentos/c150_histmin/envios/c150_histmin_s127531.csv,127531.0,11000,c2fc222bb762d21eeb3f80af8bf4349098bf807075e150bfe14d953edd93dadb
72,32,c150_histmin_s184378.csv,/Users/agustina/Documents/segundo-cuatrimestre/dmeyf2026/monday/competencia/experimentos/c150_histmin/envios/c150_histmin_s184378.csv,184378.0,11000,b67d8aaa13c6c0b28e07bb9181c9ba22770e1ee12b7097396a404104cc47c30c
73,32,c150_histmin_s209582.csv,/Users/agustina/Documents/segundo-cuatrimestre/dmeyf2026/monday/competencia/experimentos/c150_histmin/envios/c150_histmin_s209582.csv,209582.0,11000,ddb2095fdeaeb3758bd89a0d80e5e18bc5f2d716445c9ae0ab3adf39b6da5e80
74,32,c150_histmin_s249236.csv,/Users/agustina/Documents/segundo-cuatrimestre/dmeyf2026/monday/competencia/experimentos/c150_histmin/envios/c150_histmin_s249236.csv,249236.0,11000,5d79509dfdbf150dc572d3b55f19c7e36102a765c7d0432156fdb5757128914f
75,32,c150_histmin_s253684.csv,/Users/agustina/Documents/segundo-cuatrimestre/dmeyf2026/monday/competencia/experimentos/c150_histmin/envios/c150_histmin_s253684.csv,253684.0,11000,69479716de1e11fb56d3d76f66f9374844a7e07d067bbb29773ac11f5e66f429
76,32,c150_histmin_s261431.csv,/Users/agustina/Documents/segundo-cuatrimestre/dmeyf2026/monday/competencia/experimentos/c150_histmin/envios/c150_histmin_s261431.csv,261431.0,11000,98721e250f20504df2152fed5933edf62ece306a9a8df32a1e8c7081289b6de2
77,32,c150_histmin_s269281.csv,/Users/agustina/Documents/segundo-cuatrimestre/dmeyf2026/monday/competencia/experimentos/c150_histmin/envios/c150_histmin_s269281.csv,269281.0,11000,5b8913fcfa38a876a209c99e397180a3567af7e4050e08dc006aa9dd2ada3924
78,32,c150_histmin_s329840.csv,/Users/agustina/Documents/segundo-cuatrimestre/dmeyf2026/monday/competencia/experimentos/c150_histmin/envios/c150_histmin_s329840.csv,329840.0,11000,9fcd99a26db2d060b2bc02822b0157645faffa940513793e0ae895ad5da80232
79,32,c150_histmin_s358170.csv,/Users/agustina/Documents/segundo-cuatrimestre/dmeyf2026/monday/competencia/experimentos/c150_histmin/envios/c150_histmin_s358170.csv,358170.0,11000,9dfb39099238c4a5be3ba2718ca576f400b2ec7a967e687d2ea69a14122777cb
80,32,c150_histmin_s429899.csv,/Users/agustina/Documents/segundo-cuatrimestre/dmeyf2026/monday/competencia/experimentos/c150_histmin/envios/c150_histmin_s429899.csv,429899.0,11000,3d12167febfe27d17af107c48ca1c1a763eed4dcc0d319fec1b60baf2655b5a4
81,32,c150_histmin_s49886.csv,/Users/agustina/Documents/segundo-cuatrimestre/dmeyf2026/monday/competencia/experimentos/c150_histmin/envios/c150_histmin_s49886.csv,49886.0,11000,18bc29ef39f6905e844b24e13b04aa49e09dda97920909e2ae5eda03c66d89c6
82,32,c150_histmin_s560771.csv,/Users/agustina/Documents/segundo-cuatrimestre/dmeyf2026/monday/competencia/experimentos/c150_histmin/envios/c150_histmin_s560771.csv,560771.0,11000,c4c2130c281687cffd0908be9223d880c4a4d9952c4740b23e5c5717b62d8f84
83,32,c150_histmin_s572096.csv,/Users/agustina/Documents/segundo-cuatrimestre/dmeyf2026/monday/competencia/experimentos/c150_histmin/envios/c150_histmin_s572096.csv,572096.0,11000,d7c1a9466983ac91093a085d8c048b1d50591d2a60af5cf23618354ee946874f
84,32,c150_histmin_s583252.csv,/Users/agustina/Documents/segundo-cuatrimestre/dmeyf2026/monday/competencia/experimentos/c150_histmin/envios/c150_histmin_s583252.csv,583252.0,11000,d1476fc004d1f8bbdf4191605c984338b5204c61fe769157abb3b1910e41feee
85,32,c150_histmin_s678107.csv,/Users/agustina/Documents/segundo-cuatrimestre/dmeyf2026/monday/competencia/experimentos/c150_histmin/envios/c150_histmin_s678107.csv,678107.0,11000,9f1d65f68319ecc90bed66de9b30799b6e74d6c60bbae3feee455c186f220855
86,32,c150_histmin_s72635.csv,/Users/agustina/Documents/segundo-cuatrimestre/dmeyf2026/monday/competencia/experimentos/c150_histmin/envios/c150_histmin_s72635.csv,72635.0,11000,9cfec2dc00cb4343581c51dca735f763ce8f47ae2c44d416d3ef76b55da6aec6
87,32,c150_histmin_s749401.csv,/Users/agustina/Documents/segundo-cuatrimestre/dmeyf2026/monday/competencia/experimentos/c150_histmin/envios/c150_histmin_s749401.csv,749401.0,11000,1a0a9b13f7bd2f859c6b80095dc9edb26a703c76e0ee0b76e1f2d60e895b01e0
88,32,c150_histmin_s842203.csv,/Users/agustina/Documents/segundo-cuatrimestre/dmeyf2026/monday/competencia/experimentos/c150_histmin/envios/c150_histmin_s842203.csv,842203.0,11000,e21893b360b584369962d3fa91d60f743e4028767d08809eb5130941e06c2649
89,32,c150_histmin_s878049.csv,/Users/agustina/Documents/segundo-cuatrimestre/dmeyf2026/monday/competencia/experimentos/c150_histmin/envios/c150_histmin_s878049.csv,878049.0,11000,b1b9d3fea8e7c94918691deeb16f621f0047d28f732a50a1999b114c80ec669d
90,32,c150_histmin_s904620.csv,/Users/agustina/Documents/segundo-cuatrimestre/dmeyf2026/monday/competencia/experimentos/c150_histmin/envios/c150_histmin_s904620.csv,904620.0,11000,c04bcf15aa1f09b1e43871c39adb12b0be54b2ac9a9e6d4ae8410b97b11f6afb
91,33,c150_t22_s127531.csv,/Users/agustina/Documents/segundo-cuatrimestre/dmeyf2026/monday/competencia/experimentos/c150_t22/envios/c150_t22_s127531.csv,127531.0,11000,840f3448c99df7bb93d5bfc97986b5aea06a6a496a6787781fa0e789fb4eb416
92,33,c150_t22_s184378.csv,/Users/agustina/Documents/segundo-cuatrimestre/dmeyf2026/monday/competencia/experimentos/c150_t22/envios/c150_t22_s184378.csv,184378.0,11000,a5a6cd1a28d273f6e4165b7f6620e2b3b4758ae39f182c70b2501eeb58139ef1
93,33,c150_t22_s209582.csv,/Users/agustina/Documents/segundo-cuatrimestre/dmeyf2026/monday/competencia/experimentos/c150_t22/envios/c150_t22_s209582.csv,209582.0,11000,5bb25272af025106fba03a160f1e45b63ae6e33fce527ae83abc162064806216
94,33,c150_t22_s249236.csv,/Users/agustina/Documents/segundo-cuatrimestre/dmeyf2026/monday/competencia/experimentos/c150_t22/envios/c150_t22_s249236.csv,249236.0,11000,76f34f7b525ee2de54ee0978580dd77a4e7b310b7a1e92a8c4953b89500e5c05
95,33,c150_t22_s253684.csv,/Users/agustina/Documents/segundo-cuatrimestre/dmeyf2026/monday/competencia/experimentos/c150_t22/envios/c150_t22_s253684.csv,253684.0,11000,81c8b76c325812f9ad1391d3de04062eb9cc896cea05bd29b62ad3e04cac89f4
96,33,c150_t22_s261431.csv,/Users/agustina/Documents/segundo-cuatrimestre/dmeyf2026/monday/competencia/experimentos/c150_t22/envios/c150_t22_s261431.csv,261431.0,11000,3cf3800616d4c8791a0d539fa722cf48e807fc12801b1bb3d981dcdfacb8c3d6
97,33,c150_t22_s269281.csv,/Users/agustina/Documents/segundo-cuatrimestre/dmeyf2026/monday/competencia/experimentos/c150_t22/envios/c150_t22_s269281.csv,269281.0,11000,0329f8cbc832e501df6133b0c3551629d11fbd9b4bd95f4e691ce57876a3b74b
98,33,c150_t22_s329840.csv,/Users/agustina/Documents/segundo-cuatrimestre/dmeyf2026/monday/competencia/experimentos/c150_t22/envios/c150_t22_s329840.csv,329840.0,11000,fe66929b77c87ab29661b1a3a051dc1adc6451d1c3cc967dd08dc23ff621b15e
99,33,c150_t22_s358170.csv,/Users/agustina/Documents/segundo-cuatrimestre/dmeyf2026/monday/competencia/experimentos/c150_t22/envios/c150_t22_s358170.csv,358170.0,11000,bb6cb578c78eb664c5e99575be77fe3b1ac1cb5e5198346273e29e2fce13e7ce
100,33,c150_t22_s429899.csv,/Users/agustina/Documents/segundo-cuatrimestre/dmeyf2026/monday/competencia/experimentos/c150_t22/envios/c150_t22_s429899.csv,429899.0,11000,a8aa37b0db33a19041bc7c669bdeaddeeb67f2342e354bbf038ea30b6bdf5791
101,33,c150_t22_s49886.csv,/Users/agustina/Documents/segundo-cuatrimestre/dmeyf2026/monday/competencia/experimentos/c150_t22/envios/c150_t22_s49886.csv,49886.0,11000,03e3ae1216cbbcd62dbe664771eded54208a2c6db90f1a3be002d421eadf3954
102,33,c150_t22_s560771.csv,/Users/agustina/Documents/segundo-cuatrimestre/dmeyf2026/monday/competencia/experimentos/c150_t22/envios/c150_t22_s560771.csv,560771.0,11000,0bb602370f8062b4b618ce8ef4bda6b99a864de464bbacd38c3e9761ca99c2fb
103,33,c150_t22_s572096.csv,/Users/agustina/Documents/segundo-cuatrimestre/dmeyf2026/monday/competencia/experimentos/c150_t22/envios/c150_t22_s572096.csv,572096.0,11000,739aedc10f7c1791907c6207886e6c772fa926d3a56f733f0ee8049c5b5c87f5
104,33,c150_t22_s583252.csv,/Users/agustina/Documents/segundo-cuatrimestre/dmeyf2026/monday/competencia/experimentos/c150_t22/envios/c150_t22_s583252.csv,583252.0,11000,b29db5a9b15f3caf4fccd03fd62559f9e7bedbe3f89ae5abc3af453b73bd3146
105,33,c150_t22_s678107.csv,/Users/agustina/Documents/segundo-cuatrimestre/dmeyf2026/monday/competencia/experimentos/c150_t22/envios/c150_t22_s678107.csv,678107.0,11000,fa6aa117b94a60f2c944892ead4ff1f607e714e91ca8329ba83fd82a025f19b9
106,33,c150_t22_s72635.csv,/Users/agustina/Documents/segundo-cuatrimestre/dmeyf2026/monday/competencia/experimentos/c150_t22/envios/c150_t22_s72635.csv,72635.0,11000,a8677b3184ab8927b0175cf094a90bc768c4dba2cecedf3fa28e77cd11945eab
107,33,c150_t22_s749401.csv,/Users/agustina/Documents/segundo-cuatrimestre/dmeyf2026/monday/competencia/experimentos/c150_t22/envios/c150_t22_s749401.csv,749401.0,11000,30c347952266033151170a399c275112f1d08b8d7779effb040de370f5fd559e
108,33,c150_t22_s842203.csv,/Users/agustina/Documents/segundo-cuatrimestre/dmeyf2026/monday/competencia/experimentos/c150_t22/envios/c150_t22_s842203.csv,842203.0,11000,2ce9f2ca4868ca57c733d2e6f4d9c1d366f0d9163f8c39e77b6d66c3540aaa97
109,33,c150_t22_s878049.csv,/Users/agustina/Documents/segundo-cuatrimestre/dmeyf2026/monday/competencia/experimentos/c150_t22/envios/c150_t22_s878049.csv,878049.0,11000,b32bc1d3929db2f451efca97438889b674b977e33af3a96a3795bacb7cb85e6b
110,33,c150_t22_s904620.csv,/Users/agustina/Documents/segundo-cuatrimestre/dmeyf2026/monday/competencia/experimentos/c150_t22/envios/c150_t22_s904620.csv,904620.0,11000,22d1d3c6ad49c9db4768de8db7f2c13f260aca68197e92df0a512ea4f112fceb
111,34,c150_pormes_s127531.csv,/Users/agustina/Documents/segundo-cuatrimestre/dmeyf2026/monday/competencia/experimentos/c150_pormes/envios/c150_pormes_s127531.csv,127531.0,11000,37fc758356b10556932b72e59de6243f773575b3a03f8345cef17ee60a9290bf
112,34,c150_pormes_s184378.csv,/Users/agustina/Documents/segundo-cuatrimestre/dmeyf2026/monday/competencia/experimentos/c150_pormes/envios/c150_pormes_s184378.csv,184378.0,11000,bd9ef115413e3ff4d7e1b9eadf36c5bf4ad33df1460883b9e78ec51d05a7b5fd
113,34,c150_pormes_s209582.csv,/Users/agustina/Documents/segundo-cuatrimestre/dmeyf2026/monday/competencia/experimentos/c150_pormes/envios/c150_pormes_s209582.csv,209582.0,11000,429c7f59174c800c602a68e76fca54dd28a37bd3dc1c0fa051545511435cdada
114,34,c150_pormes_s249236.csv,/Users/agustina/Documents/segundo-cuatrimestre/dmeyf2026/monday/competencia/experimentos/c150_pormes/envios/c150_pormes_s249236.csv,249236.0,11000,b607aa4fffd8a2eb7fd11f47905c03efe81dcd7d06ff441274522c7379f340b4
115,34,c150_pormes_s253684.csv,/Users/agustina/Documents/segundo-cuatrimestre/dmeyf2026/monday/competencia/experimentos/c150_pormes/envios/c150_pormes_s253684.csv,253684.0,11000,828233b9b31e01a9fb2ebcd11275a980647c1faca10f71f6cc787b300a544615
116,34,c150_pormes_s261431.csv,/Users/agustina/Documents/segundo-cuatrimestre/dmeyf2026/monday/competencia/experimentos/c150_pormes/envios/c150_pormes_s261431.csv,261431.0,11000,ab6c425334528ab84d12fa19c8fd0861a07716a239347e944b7336f311f9666a
117,34,c150_pormes_s269281.csv,/Users/agustina/Documents/segundo-cuatrimestre/dmeyf2026/monday/competencia/experimentos/c150_pormes/envios/c150_pormes_s269281.csv,269281.0,11000,143ad65be5ee1053eae1c031857ac2ab9e77ee0a10c8e38f65d06f23ad6519f4
118,34,c150_pormes_s329840.csv,/Users/agustina/Documents/segundo-cuatrimestre/dmeyf2026/monday/competencia/experimentos/c150_pormes/envios/c150_pormes_s329840.csv,329840.0,11000,cd130c101b26bd0660a184052095dec1521f73d70891f7a48d2555a29601f2f9
119,34,c150_pormes_s358170.csv,/Users/agustina/Documents/segundo-cuatrimestre/dmeyf2026/monday/competencia/experimentos/c150_pormes/envios/c150_pormes_s358170.csv,358170.0,11000,43b69ea714220cf890e6e7fc37c3a89dc88e7add72d118866e27b660dee3f780
120,34,c150_pormes_s429899.csv,/Users/agustina/Documents/segundo-cuatrimestre/dmeyf2026/monday/competencia/experimentos/c150_pormes/envios/c150_pormes_s429899.csv,429899.0,11000,24fca49e590850051b76db555e878faa556028b26bb77fb691947a59ac7e84f4
121,34,c150_pormes_s49886.csv,/Users/agustina/Documents/segundo-cuatrimestre/dmeyf2026/monday/competencia/experimentos/c150_pormes/envios/c150_pormes_s49886.csv,49886.0,11000,fe7918effe53be0fb5980a0c90da12d454fe95a3b6e711e12c6f5ec199e7b89b
122,34,c150_pormes_s560771.csv,/Users/agustina/Documents/segundo-cuatrimestre/dmeyf2026/monday/competencia/experimentos/c150_pormes/envios/c150_pormes_s560771.csv,560771.0,11000,47710934fe5aeedc587b244ece80e7fc88255c1ebdd64099f81a55b8c453b417
123,34,c150_pormes_s572096.csv,/Users/agustina/Documents/segundo-cuatrimestre/dmeyf2026/monday/competencia/experimentos/c150_pormes/envios/c150_pormes_s572096.csv,572096.0,11000,646850604d1b1994b20fac4e352031ad723484f4e26d9b75fd25ec969fd5ef1e
124,34,c150_pormes_s583252.csv,/Users/agustina/Documents/segundo-cuatrimestre/dmeyf2026/monday/competencia/experimentos/c150_pormes/envios/c150_pormes_s583252.csv,583252.0,11000,383bfbd3f0d78152e5d5b8859ffb1b1fc397c75bf4e0b854853f8512b1c10bfe
125,34,c150_pormes_s678107.csv,/Users/agustina/Documents/segundo-cuatrimestre/dmeyf2026/monday/competencia/experimentos/c150_pormes/envios/c150_pormes_s678107.csv,678107.0,11000,0230a7d1230626725081b30b284854a0d8292032dcc0bb0b3f0bfcba1af4a479
126,34,c150_pormes_s72635.csv,/Users/agustina/Documents/segundo-cuatrimestre/dmeyf2026/monday/competencia/experimentos/c150_pormes/envios/c150_pormes_s72635.csv,72635.0,11000,70f5085d521a0a7b7a8843503b7aa6146d7835df62b0fc3be497f509e955abbb
127,34,c150_pormes_s749401.csv,/Users/agustina/Documents/segundo-cuatrimestre/dmeyf2026/monday/competencia/experimentos/c150_pormes/envios/c150_pormes_s749401.csv,749401.0,11000,6567d0d411b5e82b85131da397ad4c82a4686407cb7eae34d2452c4dbf2dc54c
128,34,c150_pormes_s842203.csv,/Users/agustina/Documents/segundo-cuatrimestre/dmeyf2026/monday/competencia/experimentos/c150_pormes/envios/c150_pormes_s842203.csv,842203.0,11000,5c11ac17d25760a9217e6c3ca59a1074450d33d1113bfdc133a6ee6d24eaddd5
129,34,c150_pormes_s878049.csv,/Users/agustina/Documents/segundo-cuatrimestre/dmeyf2026/monday/competencia/experimentos/c150_pormes/envios/c150_pormes_s878049.csv,878049.0,11000,f0651380cf6e3e2c4f0c7b743486c7f03553200a2d45eb7978507becc183ebc3
130,34,c150_pormes_s904620.csv,/Users/agustina/Documents/segundo-cuatrimestre/dmeyf2026/monday/competencia/experimentos/c150_pormes/envios/c150_pormes_s904620.csv,904620.0,11000,1dc63aa72da47c1d28438db9de10a9602a24468ff5d622bad5f5605d3e26e12b
131,35,c150_sinjunio_s127531.csv,/Users/agustina/Documents/segundo-cuatrimestre/dmeyf2026/monday/competencia/experimentos/c150_sinjunio/envios/c150_sinjunio_s127531.csv,127531.0,11000,abfbcb55c7e7017efbe2e4eecd27bd17b9752c7df0cb838b80bbe294a076ff75
132,35,c150_sinjunio_s184378.csv,/Users/agustina/Documents/segundo-cuatrimestre/dmeyf2026/monday/competencia/experimentos/c150_sinjunio/envios/c150_sinjunio_s184378.csv,184378.0,11000,b537cb1992b4c7cb22b40fe9109a91139740bb8febaaccd364e8a4fca2ce5da0
133,35,c150_sinjunio_s209582.csv,/Users/agustina/Documents/segundo-cuatrimestre/dmeyf2026/monday/competencia/experimentos/c150_sinjunio/envios/c150_sinjunio_s209582.csv,209582.0,11000,fcfafc21f71ec2d1341a0b3046b80c6ca97a3a7a307e89fa43d5a3fc98b861ff
134,35,c150_sinjunio_s249236.csv,/Users/agustina/Documents/segundo-cuatrimestre/dmeyf2026/monday/competencia/experimentos/c150_sinjunio/envios/c150_sinjunio_s249236.csv,249236.0,11000,53646a29cb9919afa5da075853791e0bee77941401f5a6ab12036aabdc43b8b0
135,35,c150_sinjunio_s253684.csv,/Users/agustina/Documents/segundo-cuatrimestre/dmeyf2026/monday/competencia/experimentos/c150_sinjunio/envios/c150_sinjunio_s253684.csv,253684.0,11000,6828e7d244fe24f621c920275e67339525cd0eeae3af7f1829e8c6d194e3734a
136,35,c150_sinjunio_s261431.csv,/Users/agustina/Documents/segundo-cuatrimestre/dmeyf2026/monday/competencia/experimentos/c150_sinjunio/envios/c150_sinjunio_s261431.csv,261431.0,11000,bf14feca6080bce67ef4cdd3d74f7eb502412841f292c009ef3bbdd83d7a8f2b
137,35,c150_sinjunio_s269281.csv,/Users/agustina/Documents/segundo-cuatrimestre/dmeyf2026/monday/competencia/experimentos/c150_sinjunio/envios/c150_sinjunio_s269281.csv,269281.0,11000,5902027368f08b94ea12f7c7390ac59439b2bacda44dc8e2ff36cb9a166f6177
138,35,c150_sinjunio_s329840.csv,/Users/agustina/Documents/segundo-cuatrimestre/dmeyf2026/monday/competencia/experimentos/c150_sinjunio/envios/c150_sinjunio_s329840.csv,329840.0,11000,6a2f759d702fb39ace2338020eb97f19bb1178b3a12864ea943016d4c5e41183
139,35,c150_sinjunio_s358170.csv,/Users/agustina/Documents/segundo-cuatrimestre/dmeyf2026/monday/competencia/experimentos/c150_sinjunio/envios/c150_sinjunio_s358170.csv,358170.0,11000,30164cd73fa2fbf50c92d5e9c1f78676191fbdcfef9a9b737559aa739d65d220
140,35,c150_sinjunio_s429899.csv,/Users/agustina/Documents/segundo-cuatrimestre/dmeyf2026/monday/competencia/experimentos/c150_sinjunio/envios/c150_sinjunio_s429899.csv,429899.0,11000,4ff7a43977f68370a96d828dc45b0c71a0ac2b2a4e036ad20aa50e33bb5978c6
141,35,c150_sinjunio_s49886.csv,/Users/agustina/Documents/segundo-cuatrimestre/dmeyf2026/monday/competencia/experimentos/c150_sinjunio/envios/c150_sinjunio_s49886.csv,49886.0,11000,936f86ee0cfb15d63456ede3e657c7f540c02fabbab899e57cc9f32398502aa1
142,35,c150_sinjunio_s560771.csv,/Users/agustina/Documents/segundo-cuatrimestre/dmeyf2026/monday/competencia/experimentos/c150_sinjunio/envios/c150_sinjunio_s560771.csv,560771.0,11000,a2cb94aa96a8abebd3c06d7526236fe323e42065840eaee16a23a036ea3309ec
143,35,c150_sinjunio_s572096.csv,/Users/agustina/Documents/segundo-cuatrimestre/dmeyf2026/monday/competencia/experimentos/c150_sinjunio/envios/c150_sinjunio_s572096.csv,572096.0,11000,1878b2bf13602a97cb60d2507f9f57e95b7d93f323241141af6987a6a259c598
144,35,c150_sinjunio_s583252.csv,/Users/agustina/Documents/segundo-cuatrimestre/dmeyf2026/monday/competencia/experimentos/c150_sinjunio/envios/c150_sinjunio_s583252.csv,583252.0,11000,1bf66057f9cf8c8b7cc9f96dd6179d884f9dbffc2715f5ab4835fb9c06dcdd91
145,35,c150_sinjunio_s678107.csv,/Users/agustina/Documents/segundo-cuatrimestre/dmeyf2026/monday/competencia/experimentos/c150_sinjunio/envios/c150_sinjunio_s678107.csv,678107.0,11000,f35c583440e566f6814f9728d96163666e908d147a57415ddedd5e7b376acb47
146,35,c150_sinjunio_s72635.csv,/Users/agustina/Documents/segundo-cuatrimestre/dmeyf2026/monday/competencia/experimentos/c150_sinjunio/envios/c150_sinjunio_s72635.csv,72635.0,11000,8a8761378e348937b7717997faca6cbdc8fb65ea0c8ce9e512cdd828448e42e6
147,35,c150_sinjunio_s749401.csv,/Users/agustina/Documents/segundo-cuatrimestre/dmeyf2026/monday/competencia/experimentos/c150_sinjunio/envios/c150_sinjunio_s749401.csv,749401.0,11000,a60e4e6fac895ec20493106293eed5d5aedee31bd25d7f7161bf4978a1bbe1cd
148,35,c150_sinjunio_s842203.csv,/Users/agustina/Documents/segundo-cuatrimestre/dmeyf2026/monday/competencia/experimentos/c150_sinjunio/envios/c150_sinjunio_s842203.csv,842203.0,11000,6c4eebda4f8a8e6c8bcaf428b700daaadbfa2c7f497e833abbe5da796fa6a6a8
149,35,c150_sinjunio_s878049.csv,/Users/agustina/Documents/segundo-cuatrimestre/dmeyf2026/monday/competencia/experimentos/c150_sinjunio/envios/c150_sinjunio_s878049.csv,878049.0,11000,8713654f2ba7217fd343b1445d1d068dc38cfe597a4f312395977c48dd445689
150,35,c150_sinjunio_s904620.csv,/Users/agustina/Documents/segundo-cuatrimestre/dmeyf2026/monday/competencia/experimentos/c150_sinjunio/envios/c150_sinjunio_s904620.csv,904620.0,11000,c49cc3574ad3fa39a0a4bb3825f60016a0aa527510d7ae16e2c2d3249bdd4e85
151,36,c152_corte8000_s261431.csv,/Users/agustina/Documents/segundo-cuatrimestre/dmeyf2026/monday/competencia/experimentos/c152_corte8000/envios/c152_corte8000_s261431.csv,261431.0,8000,7717d5c4955dcc581fcb9fe5a95bf1481b5cb53910c3a1f194f55bd657885a94
152,36,c152_corte8000_s269281.csv,/Users/agustina/Documents/segundo-cuatrimestre/dmeyf2026/monday/competencia/experimentos/c152_corte8000/envios/c152_corte8000_s269281.csv,269281.0,8000,bffb4a4cecc2835b6684e60f02ce6a83a9e4a68bc3b23b8cbcc554744f396e9c
153,36,c152_corte8000_s429899.csv,/Users/agustina/Documents/segundo-cuatrimestre/dmeyf2026/monday/competencia/experimentos/c152_corte8000/envios/c152_corte8000_s429899.csv,429899.0,8000,a38d73b63d2ef6a5ae810b8ed34bebc8e584c8734f2685dee012186a12772277
154,36,c152_corte8000_s560771.csv,/Users/agustina/Documents/segundo-cuatrimestre/dmeyf2026/monday/competencia/experimentos/c152_corte8000/envios/c152_corte8000_s560771.csv,560771.0,8000,ecd5e6f78582fbc5da15364bb88ad6107411b43bc2020df40e6adea93ff91771
155,36,c152_corte8000_s749401.csv,/Users/agustina/Documents/segundo-cuatrimestre/dmeyf2026/monday/competencia/experimentos/c152_corte8000/envios/c152_corte8000_s749401.csv,749401.0,8000,05a0c266a70a36b1dbd373722c25312175f4357082c7ac0bd4d9d8aa50258dfb
156,36,c152_corte8000_s72635.csv,/Users/agustina/Documents/segundo-cuatrimestre/dmeyf2026/monday/competencia/experimentos/c152_corte8000/envios/c152_corte8000_s72635.csv,72635.0,8000,3a88f9fe95af374c5b8f80604414004a5696c04078a8e9b05efc5a71cba50b73
157,36,c152_corte8000_s49886.csv,/Users/agustina/Documents/segundo-cuatrimestre/dmeyf2026/monday/competencia/experimentos/c152_corte8000/envios/c152_corte8000_s49886.csv,49886.0,8000,964a4f9e5fb822d24bb241644f6e7b5886e9b9a72f11f28c850a2e246812c928
158,36,c152_corte8000_s329840.csv,/Users/agustina/Documents/segundo-cuatrimestre/dmeyf2026/monday/competencia/experimentos/c152_corte8000/envios/c152_corte8000_s329840.csv,329840.0,8000,04cd6ecde118a024ef678380fae5930dff9f508438274c9e7b2413e5a077bb8e
159,36,c152_corte8000_s904620.csv,/Users/agustina/Documents/segundo-cuatrimestre/dmeyf2026/monday/competencia/experimentos/c152_corte8000/envios/c152_corte8000_s904620.csv,904620.0,8000,c553d686f87b044de45ccd8f633c95fba6b994dcaa6c263c156716acfecacb5c
160,36,c152_corte8000_s842203.csv,/Users/agustina/Documents/segundo-cuatrimestre/dmeyf2026/monday/competencia/experimentos/c152_corte8000/envios/c152_corte8000_s842203.csv,842203.0,8000,19745452b47867012857c455151570898f191ac129cac7da7559e575e19d5748
161,36,c152_corte8000_s583252.csv,/Users/agustina/Documents/segundo-cuatrimestre/dmeyf2026/monday/competencia/experimentos/c152_corte8000/envios/c152_corte8000_s583252.csv,583252.0,8000,d08f1bedbaa40a45f3af89bd9de020fbedaaafb49c190b28b40deaf579670c8d
162,36,c152_corte8000_s253684.csv,/Users/agustina/Documents/segundo-cuatrimestre/dmeyf2026/monday/competencia/experimentos/c152_corte8000/envios/c152_corte8000_s253684.csv,253684.0,8000,3830e037b6148cf4065236f51968b66f871b65eafdcc2240280f84d1b28e0fe7
163,36,c152_corte8000_s572096.csv,/Users/agustina/Documents/segundo-cuatrimestre/dmeyf2026/monday/competencia/experimentos/c152_corte8000/envios/c152_corte8000_s572096.csv,572096.0,8000,4c86ddd7bb27e49778fcab7c366e43228a486d8ee235cf8b50c6d04b79b9050a
164,36,c152_corte8000_s209582.csv,/Users/agustina/Documents/segundo-cuatrimestre/dmeyf2026/monday/competencia/experimentos/c152_corte8000/envios/c152_corte8000_s209582.csv,209582.0,8000,e8f6f84699baa276538a19e02d6fbd179f60bdeb617496598ac8e908c5458769
165,36,c152_corte8000_s249236.csv,/Users/agustina/Documents/segundo-cuatrimestre/dmeyf2026/monday/competencia/experimentos/c152_corte8000/envios/c152_corte8000_s249236.csv,249236.0,8000,96afa1af8cc88914e0668c7da7d7e5199e0ac7ba85ca39b0d50f26200210ceb2
166,36,c152_corte8000_s127531.csv,/Users/agustina/Documents/segundo-cuatrimestre/dmeyf2026/monday/competencia/experimentos/c152_corte8000/envios/c152_corte8000_s127531.csv,127531.0,8000,a011822f2533a85a25e838de79447775b31b065a86f2dae29dfd090509b873ee
167,36,c152_corte8000_s184378.csv,/Users/agustina/Documents/segundo-cuatrimestre/dmeyf2026/monday/competencia/experimentos/c152_corte8000/envios/c152_corte8000_s184378.csv,184378.0,8000,251cbde09fd403ccc32e3161d2e89cece715a8ccc1bb8806fe3e29bf1b6d2ef6
168,36,c152_corte8000_s678107.csv,/Users/agustina/Documents/segundo-cuatrimestre/dmeyf2026/monday/competencia/experimentos/c152_corte8000/envios/c152_corte8000_s678107.csv,678107.0,8000,3a17dd659eacc8f596c49a75f11899727a8937729f173c14a6a94a1ac7648854
169,36,c152_corte8000_s878049.csv,/Users/agustina/Documents/segundo-cuatrimestre/dmeyf2026/monday/competencia/experimentos/c152_corte8000/envios/c152_corte8000_s878049.csv,878049.0,8000,001201d2f96e994abafb238568315cc33d16908bb574fca9fed5bfabd3a88aa3
170,36,c152_corte8000_s358170.csv,/Users/agustina/Documents/segundo-cuatrimestre/dmeyf2026/monday/competencia/experimentos/c152_corte8000/envios/c152_corte8000_s358170.csv,358170.0,8000,82e626baac8052e44cd12663f038fdd24893bc13b654742c218a6ac19d3a8e46
171,37,c152_corte9000_s261431.csv,/Users/agustina/Documents/segundo-cuatrimestre/dmeyf2026/monday/competencia/experimentos/c152_corte9000/envios/c152_corte9000_s261431.csv,261431.0,9000,0f5c9b0ff049a7fdf0810d870016897cb828fc0c0dd810292d8ae466571b7648
172,37,c152_corte9000_s269281.csv,/Users/agustina/Documents/segundo-cuatrimestre/dmeyf2026/monday/competencia/experimentos/c152_corte9000/envios/c152_corte9000_s269281.csv,269281.0,9000,6ad6cb7de151a16cd2a36aab3675fe5b9040f71682c4b2d884a657b754f34330
173,37,c152_corte9000_s429899.csv,/Users/agustina/Documents/segundo-cuatrimestre/dmeyf2026/monday/competencia/experimentos/c152_corte9000/envios/c152_corte9000_s429899.csv,429899.0,9000,8d635c939a5bda95600507b31fa000e50fb209a5e316de033aa4fd15018d0633
174,37,c152_corte9000_s560771.csv,/Users/agustina/Documents/segundo-cuatrimestre/dmeyf2026/monday/competencia/experimentos/c152_corte9000/envios/c152_corte9000_s560771.csv,560771.0,9000,032ef000d87aa8fbfa33ca56fbe4ba9a90dfc4f8f4a3be68948be49b83ed96b7
175,37,c152_corte9000_s749401.csv,/Users/agustina/Documents/segundo-cuatrimestre/dmeyf2026/monday/competencia/experimentos/c152_corte9000/envios/c152_corte9000_s749401.csv,749401.0,9000,849156e8d9e96ef437b8ec8fb52c7c30a8b56d152d00457a35ab6895a54407dd
176,37,c152_corte9000_s72635.csv,/Users/agustina/Documents/segundo-cuatrimestre/dmeyf2026/monday/competencia/experimentos/c152_corte9000/envios/c152_corte9000_s72635.csv,72635.0,9000,ebe1825a1d061b36adec5eba1649c3ea9e38819063f190487dfecb33140f7688
177,37,c152_corte9000_s49886.csv,/Users/agustina/Documents/segundo-cuatrimestre/dmeyf2026/monday/competencia/experimentos/c152_corte9000/envios/c152_corte9000_s49886.csv,49886.0,9000,18eaaf998b47d6239721bf3e293a6f3e8604acf6dd002bef306c8ae26446c0bb
178,37,c152_corte9000_s329840.csv,/Users/agustina/Documents/segundo-cuatrimestre/dmeyf2026/monday/competencia/experimentos/c152_corte9000/envios/c152_corte9000_s329840.csv,329840.0,9000,265f4cf0400e9751b323257bb8d67dfaccae8dafea45f51924be57845c699c2e
179,37,c152_corte9000_s904620.csv,/Users/agustina/Documents/segundo-cuatrimestre/dmeyf2026/monday/competencia/experimentos/c152_corte9000/envios/c152_corte9000_s904620.csv,904620.0,9000,215449cbe4a99b55ad3639b20a2bdcd8e30db7b247cc7aa9c7ccbed355b437cf
180,37,c152_corte9000_s842203.csv,/Users/agustina/Documents/segundo-cuatrimestre/dmeyf2026/monday/competencia/experimentos/c152_corte9000/envios/c152_corte9000_s842203.csv,842203.0,9000,590b716a3f8c52a8954de0084af111bbb50ff60fe2dc66a46cffa385327be78c
181,37,c152_corte9000_s583252.csv,/Users/agustina/Documents/segundo-cuatrimestre/dmeyf2026/monday/competencia/experimentos/c152_corte9000/envios/c152_corte9000_s583252.csv,583252.0,9000,9b31ad0e96701bd1c0165d91a99851f1ff830018d11ca6026be74aa2c516683f
182,37,c152_corte9000_s253684.csv,/Users/agustina/Documents/segundo-cuatrimestre/dmeyf2026/monday/competencia/experimentos/c152_corte9000/envios/c152_corte9000_s253684.csv,253684.0,9000,c1b66c8b8e9411eb1d2910f7805e98fdbfd5b6f920052ef8763a934537da041c
183,37,c152_corte9000_s572096.csv,/Users/agustina/Documents/segundo-cuatrimestre/dmeyf2026/monday/competencia/experimentos/c152_corte9000/envios/c152_corte9000_s572096.csv,572096.0,9000,8b8e694c4434dbf470d9d60d0505eff186a68ebd186170fdfdc10c7a0995c384
184,37,c152_corte9000_s209582.csv,/Users/agustina/Documents/segundo-cuatrimestre/dmeyf2026/monday/competencia/experimentos/c152_corte9000/envios/c152_corte9000_s209582.csv,209582.0,9000,fc577e6b34639c2ffffde64736a03d7298076130659a472380b1bbd62f2cda2e
185,37,c152_corte9000_s249236.csv,/Users/agustina/Documents/segundo-cuatrimestre/dmeyf2026/monday/competencia/experimentos/c152_corte9000/envios/c152_corte9000_s249236.csv,249236.0,9000,c4ea4ccfcb5f219eb16ec3813bc05a892c419974a041df9f8d82bf551e19d6fd
186,37,c152_corte9000_s127531.csv,/Users/agustina/Documents/segundo-cuatrimestre/dmeyf2026/monday/competencia/experimentos/c152_corte9000/envios/c152_corte9000_s127531.csv,127531.0,9000,86bb7ba291858a004df43de254596934b25f91cac22b8e8b5f43f36699c38199
187,37,c152_corte9000_s184378.csv,/Users/agustina/Documents/segundo-cuatrimestre/dmeyf2026/monday/competencia/experimentos/c152_corte9000/envios/c152_corte9000_s184378.csv,184378.0,9000,a811e7f31fc04f4d05500b274ea6c97f0def110295ed9cea1f001bc741941180
188,37,c152_corte9000_s678107.csv,/Users/agustina/Documents/segundo-cuatrimestre/dmeyf2026/monday/competencia/experimentos/c152_corte9000/envios/c152_corte9000_s678107.csv,678107.0,9000,b0d603d56fcf333408f0735186e85549998dd9950ff6b566342083bceaaf2933
189,37,c152_corte9000_s878049.csv,/Users/agustina/Documents/segundo-cuatrimestre/dmeyf2026/monday/competencia/experimentos/c152_corte9000/envios/c152_corte9000_s878049.csv,878049.0,9000,1a286dc58aa900bdb596cb10749cf6cf5313356a05bb09a25b94af0b5079e42d
190,37,c152_corte9000_s358170.csv,/Users/agustina/Documents/segundo-cuatrimestre/dmeyf2026/monday/competencia/experimentos/c152_corte9000/envios/c152_corte9000_s358170.csv,358170.0,9000,912bbd0361f09976163f2384f503191fc149d1da220669fd7b8584b4357f6765
191,38,c152_corte13000_s261431.csv,/Users/agustina/Documents/segundo-cuatrimestre/dmeyf2026/monday/competencia/experimentos/c152_corte13000/envios/c152_corte13000_s261431.csv,261431.0,13000,44eee38be83d9e41da047255016c3bf0f97d77d496b8be6297294dfb94218562
192,38,c152_corte13000_s269281.csv,/Users/agustina/Documents/segundo-cuatrimestre/dmeyf2026/monday/competencia/experimentos/c152_corte13000/envios/c152_corte13000_s269281.csv,269281.0,13000,ea32b4c708a76101ed322deae4f1ba7430fb2ca9ea92d6ca47b075f7fe44c715
193,38,c152_corte13000_s429899.csv,/Users/agustina/Documents/segundo-cuatrimestre/dmeyf2026/monday/competencia/experimentos/c152_corte13000/envios/c152_corte13000_s429899.csv,429899.0,13000,921ef761a154c33f3572c386863ea7b50f265692c760717fc1e899b40e08c4ef
194,38,c152_corte13000_s560771.csv,/Users/agustina/Documents/segundo-cuatrimestre/dmeyf2026/monday/competencia/experimentos/c152_corte13000/envios/c152_corte13000_s560771.csv,560771.0,13000,147b86d93836b69bd4567095dea5aa956a929184ee9e15a04de57f80d39d95ad
195,38,c152_corte13000_s749401.csv,/Users/agustina/Documents/segundo-cuatrimestre/dmeyf2026/monday/competencia/experimentos/c152_corte13000/envios/c152_corte13000_s749401.csv,749401.0,13000,0cfe75bd7d73494a44e6616d1f13a8ac2d3f813fc6e412c31f25b3587499e34f
196,38,c152_corte13000_s72635.csv,/Users/agustina/Documents/segundo-cuatrimestre/dmeyf2026/monday/competencia/experimentos/c152_corte13000/envios/c152_corte13000_s72635.csv,72635.0,13000,94bcb010e97c10bdcebdad97e5d2ca4940c8e89ffae8fb63b836c389fc88d6fb
197,38,c152_corte13000_s49886.csv,/Users/agustina/Documents/segundo-cuatrimestre/dmeyf2026/monday/competencia/experimentos/c152_corte13000/envios/c152_corte13000_s49886.csv,49886.0,13000,084931340375b3b71a903aa2a8cb46ca9ed852e02caf577e5453e5e20758b406
198,38,c152_corte13000_s329840.csv,/Users/agustina/Documents/segundo-cuatrimestre/dmeyf2026/monday/competencia/experimentos/c152_corte13000/envios/c152_corte13000_s329840.csv,329840.0,13000,b916105211f21e3750638a51015aa5ec9f5db5b2e9348451cf05b7e069c30260
199,38,c152_corte13000_s904620.csv,/Users/agustina/Documents/segundo-cuatrimestre/dmeyf2026/monday/competencia/experimentos/c152_corte13000/envios/c152_corte13000_s904620.csv,904620.0,13000,7b8b991fced89441b87fabaa4758eb673b0ceecadc9fdd50ff12226af0bfc7c2
200,38,c152_corte13000_s842203.csv,/Users/agustina/Documents/segundo-cuatrimestre/dmeyf2026/monday/competencia/experimentos/c152_corte13000/envios/c152_corte13000_s842203.csv,842203.0,13000,9315026bdf04f49d02831218c25597f2b9a0411985ebc37576e3664a40a1874d
201,38,c152_corte13000_s583252.csv,/Users/agustina/Documents/segundo-cuatrimestre/dmeyf2026/monday/competencia/experimentos/c152_corte13000/envios/c152_corte13000_s583252.csv,583252.0,13000,1fbc6f33925ea8e675f047e8fabe1455d6f070965ca71ac4cbacdd91cdc5ce00
202,38,c152_corte13000_s253684.csv,/Users/agustina/Documents/segundo-cuatrimestre/dmeyf2026/monday/competencia/experimentos/c152_corte13000/envios/c152_corte13000_s253684.csv,253684.0,13000,86e381998934a72711113d714a43609cd063b8fab5e5aa0994b8919f58b5eaaa
203,38,c152_corte13000_s572096.csv,/Users/agustina/Documents/segundo-cuatrimestre/dmeyf2026/monday/competencia/experimentos/c152_corte13000/envios/c152_corte13000_s572096.csv,572096.0,13000,4c4564bd9087d66f262f28bf3a0c69a9045b6a97bfcc98327d6f1a3438e243d1
204,38,c152_corte13000_s209582.csv,/Users/agustina/Documents/segundo-cuatrimestre/dmeyf2026/monday/competencia/experimentos/c152_corte13000/envios/c152_corte13000_s209582.csv,209582.0,13000,a3958e433f70bf45c02bb6992cb1e2f4d15d583686e1e9a5aa64ce56354fd9b1
205,38,c152_corte13000_s249236.csv,/Users/agustina/Documents/segundo-cuatrimestre/dmeyf2026/monday/competencia/experimentos/c152_corte13000/envios/c152_corte13000_s249236.csv,249236.0,13000,c6cfabf279beccdd22b29e46dd6d4a7dd29e1d5a0152ac41d6178b9da3a95f87
206,38,c152_corte13000_s127531.csv,/Users/agustina/Documents/segundo-cuatrimestre/dmeyf2026/monday/competencia/experimentos/c152_corte13000/envios/c152_corte13000_s127531.csv,127531.0,13000,bfc732318ceb271c0df95bf2297ce6a6d7c391b17c87aeeb4b48f9d335b8e92e
207,38,c152_corte13000_s184378.csv,/Users/agustina/Documents/segundo-cuatrimestre/dmeyf2026/monday/competencia/experimentos/c152_corte13000/envios/c152_corte13000_s184378.csv,184378.0,13000,2745ec52209f266517bccb26f824e8281693ea74285d19e2dd78c971e6134700
208,38,c152_corte13000_s678107.csv,/Users/agustina/Documents/segundo-cuatrimestre/dmeyf2026/monday/competencia/experimentos/c152_corte13000/envios/c152_corte13000_s678107.csv,678107.0,13000,bbe19cac83484f859e3789cbc3bb4b58dd2588a4ab7818a164a31a4d5dbde747
209,38,c152_corte13000_s878049.csv,/Users/agustina/Documents/segundo-cuatrimestre/dmeyf2026/monday/competencia/experimentos/c152_corte13000/envios/c152_corte13000_s878049.csv,878049.0,13000,1b5899d3758127da544685bf5606116e3df771783cf438e7af770370d6a19aa8
210,38,c152_corte13000_s358170.csv,/Users/agustina/Documents/segundo-cuatrimestre/dmeyf2026/monday/competencia/experimentos/c152_corte13000/envios/c152_corte13000_s358170.csv,358170.0,13000,7e4a965f066382b849f99ee081ec29a928ddb524ae3b174cf3151b042852390b
211,39,c152_corte15000_s261431.csv,/Users/agustina/Documents/segundo-cuatrimestre/dmeyf2026/monday/competencia/experimentos/c152_corte15000/envios/c152_corte15000_s261431.csv,261431.0,15000,6f8688c85e2016d8dc04bbd40c22ee8b8800ff922d47241904ba01830c31f311
212,39,c152_corte15000_s269281.csv,/Users/agustina/Documents/segundo-cuatrimestre/dmeyf2026/monday/competencia/experimentos/c152_corte15000/envios/c152_corte15000_s269281.csv,269281.0,15000,2c19779fdc1971420a253245696c588f31add5390fa4266974a39bffb0c0fe32
213,39,c152_corte15000_s429899.csv,/Users/agustina/Documents/segundo-cuatrimestre/dmeyf2026/monday/competencia/experimentos/c152_corte15000/envios/c152_corte15000_s429899.csv,429899.0,15000,0fa993f6b4a334686b16dd9007e7c8c5fa86d2e7c63af7fa33cec8b9073553e7
214,39,c152_corte15000_s560771.csv,/Users/agustina/Documents/segundo-cuatrimestre/dmeyf2026/monday/competencia/experimentos/c152_corte15000/envios/c152_corte15000_s560771.csv,560771.0,15000,a5acf21512d2d82077fa67c893d30121dde81f97132b4164e54920ded3a09b11
215,39,c152_corte15000_s749401.csv,/Users/agustina/Documents/segundo-cuatrimestre/dmeyf2026/monday/competencia/experimentos/c152_corte15000/envios/c152_corte15000_s749401.csv,749401.0,15000,1a0f309583a697c5626e7f2fdce8e24e2d903aee66cfeafb600ebcb825f4fc0e
216,39,c152_corte15000_s72635.csv,/Users/agustina/Documents/segundo-cuatrimestre/dmeyf2026/monday/competencia/experimentos/c152_corte15000/envios/c152_corte15000_s72635.csv,72635.0,15000,7bbcaf2515c8a309e71419063ecd556706b01250091748730ecdbc3ee7392fa1
217,39,c152_corte15000_s49886.csv,/Users/agustina/Documents/segundo-cuatrimestre/dmeyf2026/monday/competencia/experimentos/c152_corte15000/envios/c152_corte15000_s49886.csv,49886.0,15000,b2fc40c46f020954b2f7a3ebd2956d16a68da49a91f26e959bd0f925832f75e7
218,39,c152_corte15000_s329840.csv,/Users/agustina/Documents/segundo-cuatrimestre/dmeyf2026/monday/competencia/experimentos/c152_corte15000/envios/c152_corte15000_s329840.csv,329840.0,15000,ebaee25380b9987fec364fb15d076743f9534fbde3fe88458ec7069abc415a8e
219,39,c152_corte15000_s904620.csv,/Users/agustina/Documents/segundo-cuatrimestre/dmeyf2026/monday/competencia/experimentos/c152_corte15000/envios/c152_corte15000_s904620.csv,904620.0,15000,0a139f5100d8405e7657880d4eb011943881ae319d48f19a700e11e7ead4a9d9
220,39,c152_corte15000_s842203.csv,/Users/agustina/Documents/segundo-cuatrimestre/dmeyf2026/monday/competencia/experimentos/c152_corte15000/envios/c152_corte15000_s842203.csv,842203.0,15000,9f37c743bd0ac49b3af7e75398270b2b7f18d8fb8d00ed052bb66d87fc1e97e9
221,39,c152_corte15000_s583252.csv,/Users/agustina/Documents/segundo-cuatrimestre/dmeyf2026/monday/competencia/experimentos/c152_corte15000/envios/c152_corte15000_s583252.csv,583252.0,15000,133443961a24475a1948bf24bdd7c6767d2400fd0e9a68775b1b56184b4a63b4
222,39,c152_corte15000_s253684.csv,/Users/agustina/Documents/segundo-cuatrimestre/dmeyf2026/monday/competencia/experimentos/c152_corte15000/envios/c152_corte15000_s253684.csv,253684.0,15000,5ad52cc745e6db4f325cbbcf39eea10a24ab9fcef590473e3882798aba963ecd
223,39,c152_corte15000_s572096.csv,/Users/agustina/Documents/segundo-cuatrimestre/dmeyf2026/monday/competencia/experimentos/c152_corte15000/envios/c152_corte15000_s572096.csv,572096.0,15000,ce5fde133ae14157ee5b295a341843b4da0969dcc6e07680617aae60b5e74949
224,39,c152_corte15000_s209582.csv,/Users/agustina/Documents/segundo-cuatrimestre/dmeyf2026/monday/competencia/experimentos/c152_corte15000/envios/c152_corte15000_s209582.csv,209582.0,15000,4cbcdc2cb98c9787945bf44d9cc7d6526e29116ea46b8605d495ba3d15e31d2f
225,39,c152_corte15000_s249236.csv,/Users/agustina/Documents/segundo-cuatrimestre/dmeyf2026/monday/competencia/experimentos/c152_corte15000/envios/c152_corte15000_s249236.csv,249236.0,15000,c60e9220c6edb5da01ed327fb7425c0ccafa835c688965ed740ded00494188c4
226,39,c152_corte15000_s127531.csv,/Users/agustina/Documents/segundo-cuatrimestre/dmeyf2026/monday/competencia/experimentos/c152_corte15000/envios/c152_corte15000_s127531.csv,127531.0,15000,d104e05a8243aa4b95f1e42037a0523cef7ac2c1ae3084b66fde34375c27363c
227,39,c152_corte15000_s184378.csv,/Users/agustina/Documents/segundo-cuatrimestre/dmeyf2026/monday/competencia/experimentos/c152_corte15000/envios/c152_corte15000_s184378.csv,184378.0,15000,1a9190520acbc6b945d9864ecb18d16c5ee99a1a8945f27301102ebce3956a07
228,39,c152_corte15000_s678107.csv,/Users/agustina/Documents/segundo-cuatrimestre/dmeyf2026/monday/competencia/experimentos/c152_corte15000/envios/c152_corte15000_s678107.csv,678107.0,15000,4cf3a0331e24e795281817f564fa8f854d8b3451968905f5e97fbded4b7d7cf3
229,39,c152_corte15000_s878049.csv,/Users/agustina/Documents/segundo-cuatrimestre/dmeyf2026/monday/competencia/experimentos/c152_corte15000/envios/c152_corte15000_s878049.csv,878049.0,15000,6aa1e0c5b4af5be1a4f5311bd2295a54d4180f7351a99d118b5799c115a367e7
230,39,c152_corte15000_s358170.csv,/Users/agustina/Documents/segundo-cuatrimestre/dmeyf2026/monday/competencia/experimentos/c152_corte15000/envios/c152_corte15000_s358170.csv,358170.0,15000,c0938ba46efb841ba5d330d5007431bb51d881618afbd3fbb44e02eab9f220bd
231,40,c153_fe228_s127531.csv,/Users/agustina/Documents/segundo-cuatrimestre/dmeyf2026/monday/competencia/experimentos/c153_fe228/envios/c153_fe228_s127531.csv,127531.0,9000,bc1194957fe43b483b7ab9c6326476538a622a3051122928e8a318a31807727f
232,40,c153_fe228_s184378.csv,/Users/agustina/Documents/segundo-cuatrimestre/dmeyf2026/monday/competencia/experimentos/c153_fe228/envios/c153_fe228_s184378.csv,184378.0,9000,b0c2dbeec5c35925449605e07e7956f9ade76e2145d5268762df48e4b6bb016b
233,40,c153_fe228_s209582.csv,/Users/agustina/Documents/segundo-cuatrimestre/dmeyf2026/monday/competencia/experimentos/c153_fe228/envios/c153_fe228_s209582.csv,209582.0,9000,92ff58253ec40159d515822c08052e5eb982116aeb4c8ff8a94f2c9d0a9bdc2e
234,40,c153_fe228_s249236.csv,/Users/agustina/Documents/segundo-cuatrimestre/dmeyf2026/monday/competencia/experimentos/c153_fe228/envios/c153_fe228_s249236.csv,249236.0,9000,1527e05a199d04357825f986f96a73b64386c6c10fa98640bacbdbe32f5868bd
235,40,c153_fe228_s253684.csv,/Users/agustina/Documents/segundo-cuatrimestre/dmeyf2026/monday/competencia/experimentos/c153_fe228/envios/c153_fe228_s253684.csv,253684.0,9000,2efba8b02253d44ea313c4e281ef61cec30058e47bad5a43d3f734348bf01ce5
236,40,c153_fe228_s261431.csv,/Users/agustina/Documents/segundo-cuatrimestre/dmeyf2026/monday/competencia/experimentos/c153_fe228/envios/c153_fe228_s261431.csv,261431.0,9000,ee2e79f14f599f7db144cf47a1e233ce70e6ff3db2b76c18905f1970c7a60834
237,40,c153_fe228_s269281.csv,/Users/agustina/Documents/segundo-cuatrimestre/dmeyf2026/monday/competencia/experimentos/c153_fe228/envios/c153_fe228_s269281.csv,269281.0,9000,7d37420ad8f154668d6976d2ccc52aa8f648f2e023a6a9280fb1511e3653048b
238,40,c153_fe228_s329840.csv,/Users/agustina/Documents/segundo-cuatrimestre/dmeyf2026/monday/competencia/experimentos/c153_fe228/envios/c153_fe228_s329840.csv,329840.0,9000,a1d20492e39ac3741782e03cb73c49de6fadb6672b9b9f78e4fd96610191edbf
239,40,c153_fe228_s358170.csv,/Users/agustina/Documents/segundo-cuatrimestre/dmeyf2026/monday/competencia/experimentos/c153_fe228/envios/c153_fe228_s358170.csv,358170.0,9000,9b633a526f8cf0f7829f11fc45dea57c43cf4904084732da2fb521f634ed9b94
240,40,c153_fe228_s429899.csv,/Users/agustina/Documents/segundo-cuatrimestre/dmeyf2026/monday/competencia/experimentos/c153_fe228/envios/c153_fe228_s429899.csv,429899.0,9000,a7ec2052ce776b7c1ace18b75099f975eca56964e6fee925c88be103b2705b7c
241,40,c153_fe228_s49886.csv,/Users/agustina/Documents/segundo-cuatrimestre/dmeyf2026/monday/competencia/experimentos/c153_fe228/envios/c153_fe228_s49886.csv,49886.0,9000,8597151ef79e84ab474108be418607b3b9be808754d9ae8486b3b39dfbfb0fbd
242,40,c153_fe228_s560771.csv,/Users/agustina/Documents/segundo-cuatrimestre/dmeyf2026/monday/competencia/experimentos/c153_fe228/envios/c153_fe228_s560771.csv,560771.0,9000,7552135b4374564aac9f923c3970ac4161c5e009157334adfc9ea003c4c258b3
243,40,c153_fe228_s572096.csv,/Users/agustina/Documents/segundo-cuatrimestre/dmeyf2026/monday/competencia/experimentos/c153_fe228/envios/c153_fe228_s572096.csv,572096.0,9000,71bda85c6035ea7e824a8190e8fe7d1cb58201a56f35035c48a3c429f1cd8b8f
244,40,c153_fe228_s583252.csv,/Users/agustina/Documents/segundo-cuatrimestre/dmeyf2026/monday/competencia/experimentos/c153_fe228/envios/c153_fe228_s583252.csv,583252.0,9000,aab68e9d66c83c6fb858a2c31de0cace923b5dd594ee790bcbf1cadee545a214
245,40,c153_fe228_s678107.csv,/Users/agustina/Documents/segundo-cuatrimestre/dmeyf2026/monday/competencia/experimentos/c153_fe228/envios/c153_fe228_s678107.csv,678107.0,9000,a046bcae671f391d14f875407910f41a498d4d9cef31f4ebf9fefefa3aea2da5
246,40,c153_fe228_s72635.csv,/Users/agustina/Documents/segundo-cuatrimestre/dmeyf2026/monday/competencia/experimentos/c153_fe228/envios/c153_fe228_s72635.csv,72635.0,9000,64384274e24e2f00442c288acab279dff72d21313bec5272f37b9411f83d2565
247,40,c153_fe228_s749401.csv,/Users/agustina/Documents/segundo-cuatrimestre/dmeyf2026/monday/competencia/experimentos/c153_fe228/envios/c153_fe228_s749401.csv,749401.0,9000,88e9094c6457b942bcbfa604288b31c93e41b920829ce0fcd9a97b7120ac2ebd
248,40,c153_fe228_s842203.csv,/Users/agustina/Documents/segundo-cuatrimestre/dmeyf2026/monday/competencia/experimentos/c153_fe228/envios/c153_fe228_s842203.csv,842203.0,9000,bce7cbccd1c32c0cc23616dfcc2590d8dde3aca4d7ab85b28a07c824c3eb624f
249,40,c153_fe228_s878049.csv,/Users/agustina/Documents/segundo-cuatrimestre/dmeyf2026/monday/competencia/experimentos/c153_fe228/envios/c153_fe228_s878049.csv,878049.0,9000,cb50a3cec187a7e13094f800d4a4ab410339d0dd7e793f45d1fe8cca58ee5904
250,40,c153_fe228_s904620.csv,/Users/agustina/Documents/segundo-cuatrimestre/dmeyf2026/monday/competencia/experimentos/c153_fe228/envios/c153_fe228_s904620.csv,904620.0,9000,b536508fbdc47fc69382ba3c609472a9870c41f1f47948be973f574f5b8f405e
251,41,c153_histmin9k_s127531.csv,/Users/agustina/Documents/segundo-cuatrimestre/dmeyf2026/monday/competencia/experimentos/c153_histmin9k/envios/c153_histmin9k_s127531.csv,127531.0,9000,1fce152afdc8c0b6619c6d055c29e4cbbe39115bccc8e3f1835af6e1e763674c
252,41,c153_histmin9k_s184378.csv,/Users/agustina/Documents/segundo-cuatrimestre/dmeyf2026/monday/competencia/experimentos/c153_histmin9k/envios/c153_histmin9k_s184378.csv,184378.0,9000,0bd316b70905f999e952f17bc31e4cd9751b470c2b5e406c604b3a60369c4f0b
253,41,c153_histmin9k_s209582.csv,/Users/agustina/Documents/segundo-cuatrimestre/dmeyf2026/monday/competencia/experimentos/c153_histmin9k/envios/c153_histmin9k_s209582.csv,209582.0,9000,dff515c50e180b95fed9e3c71be80053fea5d7dcdc5e19b0253e71188cdc6899
254,41,c153_histmin9k_s249236.csv,/Users/agustina/Documents/segundo-cuatrimestre/dmeyf2026/monday/competencia/experimentos/c153_histmin9k/envios/c153_histmin9k_s249236.csv,249236.0,9000,cf63be863f0b791e3eb75d261eba13150de8fa76f066b3441ab5490d6153f34e
255,41,c153_histmin9k_s253684.csv,/Users/agustina/Documents/segundo-cuatrimestre/dmeyf2026/monday/competencia/experimentos/c153_histmin9k/envios/c153_histmin9k_s253684.csv,253684.0,9000,8867c347d2add972ff8bb18a08cfa32725b479b2465655326c0e5e94f19ef23d
256,41,c153_histmin9k_s261431.csv,/Users/agustina/Documents/segundo-cuatrimestre/dmeyf2026/monday/competencia/experimentos/c153_histmin9k/envios/c153_histmin9k_s261431.csv,261431.0,9000,d0e46acb56b3d813eb53dba1bb04fed440f1bbf4681361775cf5630480beb632
257,41,c153_histmin9k_s269281.csv,/Users/agustina/Documents/segundo-cuatrimestre/dmeyf2026/monday/competencia/experimentos/c153_histmin9k/envios/c153_histmin9k_s269281.csv,269281.0,9000,519eadaf8399cee829c31b696fb53072c17ffc45e93060e6ed7cc4a2eb07faa7
258,41,c153_histmin9k_s329840.csv,/Users/agustina/Documents/segundo-cuatrimestre/dmeyf2026/monday/competencia/experimentos/c153_histmin9k/envios/c153_histmin9k_s329840.csv,329840.0,9000,b0019dfae5faa631cd026125744f6b3876157ead9903199f1bd0d93bb4c4b783
259,41,c153_histmin9k_s358170.csv,/Users/agustina/Documents/segundo-cuatrimestre/dmeyf2026/monday/competencia/experimentos/c153_histmin9k/envios/c153_histmin9k_s358170.csv,358170.0,9000,89eb74e429e20db00ff6bb5276fdf1aae7825afc0dfcc95d87d72f9b0662c722
260,41,c153_histmin9k_s429899.csv,/Users/agustina/Documents/segundo-cuatrimestre/dmeyf2026/monday/competencia/experimentos/c153_histmin9k/envios/c153_histmin9k_s429899.csv,429899.0,9000,d82e675eea8b4a7a31e8ef3bff0e8191b064c460aa6701388fdabf9b23dfb5f0
261,41,c153_histmin9k_s49886.csv,/Users/agustina/Documents/segundo-cuatrimestre/dmeyf2026/monday/competencia/experimentos/c153_histmin9k/envios/c153_histmin9k_s49886.csv,49886.0,9000,3b12d675511d3e5e6d68d64133df55e69cc6b292429a3cbd4affb53689e29227
262,41,c153_histmin9k_s560771.csv,/Users/agustina/Documents/segundo-cuatrimestre/dmeyf2026/monday/competencia/experimentos/c153_histmin9k/envios/c153_histmin9k_s560771.csv,560771.0,9000,499d81eb7659a5e7d427e4e785737807547e037ed7a5fe7fcb660306bae4d42b
263,41,c153_histmin9k_s572096.csv,/Users/agustina/Documents/segundo-cuatrimestre/dmeyf2026/monday/competencia/experimentos/c153_histmin9k/envios/c153_histmin9k_s572096.csv,572096.0,9000,e0da00d979161851c23cd88e9af8e79545a4eb0ccb7bb71f07c6e85019136f72
264,41,c153_histmin9k_s583252.csv,/Users/agustina/Documents/segundo-cuatrimestre/dmeyf2026/monday/competencia/experimentos/c153_histmin9k/envios/c153_histmin9k_s583252.csv,583252.0,9000,8f1095746f82590d3a616c5a40916f4146a1d8336b893d0f92dfe93c263f89bc
265,41,c153_histmin9k_s678107.csv,/Users/agustina/Documents/segundo-cuatrimestre/dmeyf2026/monday/competencia/experimentos/c153_histmin9k/envios/c153_histmin9k_s678107.csv,678107.0,9000,9854021df03ed9a56aa21a5bb376c5a113fd5dfb9506ea0cafcfd746f23a1076
266,41,c153_histmin9k_s72635.csv,/Users/agustina/Documents/segundo-cuatrimestre/dmeyf2026/monday/competencia/experimentos/c153_histmin9k/envios/c153_histmin9k_s72635.csv,72635.0,9000,16b7ab78babeda733d0f6d46a94bf815482dd10750e0b5501723666fb969bed6
267,41,c153_histmin9k_s749401.csv,/Users/agustina/Documents/segundo-cuatrimestre/dmeyf2026/monday/competencia/experimentos/c153_histmin9k/envios/c153_histmin9k_s749401.csv,749401.0,9000,98b3a9985443b7efad22366430ae7b4b89e4aba37775a848abb125bafd865a88
268,41,c153_histmin9k_s842203.csv,/Users/agustina/Documents/segundo-cuatrimestre/dmeyf2026/monday/competencia/experimentos/c153_histmin9k/envios/c153_histmin9k_s842203.csv,842203.0,9000,e05e090cdf7544cc509f00a7e53de45d97c6f00ec695baa0b87c7c495c4d1be0
269,41,c153_histmin9k_s878049.csv,/Users/agustina/Documents/segundo-cuatrimestre/dmeyf2026/monday/competencia/experimentos/c153_histmin9k/envios/c153_histmin9k_s878049.csv,878049.0,9000,a9deffe90fe07dd8320a4813ab5ecd6ec2f024f6d05668b1f1962121de1cf3fb
270,41,c153_histmin9k_s904620.csv,/Users/agustina/Documents/segundo-cuatrimestre/dmeyf2026/monday/competencia/experimentos/c153_histmin9k/envios/c153_histmin9k_s904620.csv,904620.0,9000,eff46b625ecaa29378c0aa2218aa96be5bf2b47c12011afabde9d4b495a70a98
271,42,c154_entrega_9000.csv,/Users/agustina/Documents/segundo-cuatrimestre/dmeyf2026/monday/competencia/experimentos/c154_entrega/envios/c154_entrega_9000.csv,,9000,c70871f569815a292fdc11a8bbaab4585a25148d8a80910bbd0c2c3aba8f035e
272,43,c173_entrega_10500.csv,/Users/agustina/Documents/segundo-cuatrimestre/dmeyf2026/monday/competencia/experimentos/c173_entrega_10500/envios/c173_entrega_10500.csv,,10500,84b9881f59ae3a75873a3464a9c8d3933cb65e388d6a5c9be3391722eccc996d
273,44,c201_receta_lags_10000_s261431.csv,/Users/agustina/Documents/segundo-cuatrimestre/dmeyf2026/monday/competencia/experimentos/c201_receta_lags/envios_10000/c201_receta_lags_10000_s261431.csv,261431.0,10000,9b6fb193fe331f1691aea3867d596f299bf096e80c13d1051c04fe3c74636d54
274,44,c201_receta_lags_10000_s269281.csv,/Users/agustina/Documents/segundo-cuatrimestre/dmeyf2026/monday/competencia/experimentos/c201_receta_lags/envios_10000/c201_receta_lags_10000_s269281.csv,269281.0,10000,707cbc02773c86e0ddea8fcd84584bb41048cc1259afcd516409f43a38a4d35d
275,44,c201_receta_lags_10000_s429899.csv,/Users/agustina/Documents/segundo-cuatrimestre/dmeyf2026/monday/competencia/experimentos/c201_receta_lags/envios_10000/c201_receta_lags_10000_s429899.csv,429899.0,10000,b167fec78d24b3755ce16bbfc078544787693be662b4dab17ee2869d175e3e31
276,44,c201_receta_lags_10000_s560771.csv,/Users/agustina/Documents/segundo-cuatrimestre/dmeyf2026/monday/competencia/experimentos/c201_receta_lags/envios_10000/c201_receta_lags_10000_s560771.csv,560771.0,10000,03bbfdd2077d56b5d0ac1193500fe7b6f49c569e7dc891e952fd5ef85456e3a2
277,44,c201_receta_lags_10000_s749401.csv,/Users/agustina/Documents/segundo-cuatrimestre/dmeyf2026/monday/competencia/experimentos/c201_receta_lags/envios_10000/c201_receta_lags_10000_s749401.csv,749401.0,10000,82a50ef10e6a028a7b9c9300cc510f7a2a75e08372f4b3710138e0d9fd7d4ca4
278,45,c201_receta_lags_11500_s261431.csv,/Users/agustina/Documents/segundo-cuatrimestre/dmeyf2026/monday/competencia/experimentos/c201_receta_lags/envios_11500/c201_receta_lags_11500_s261431.csv,261431.0,11500,fac5be5b3cac50a103c1f5956eebefd714c95383d90cc3dc120d52029f643398
279,45,c201_receta_lags_11500_s269281.csv,/Users/agustina/Documents/segundo-cuatrimestre/dmeyf2026/monday/competencia/experimentos/c201_receta_lags/envios_11500/c201_receta_lags_11500_s269281.csv,269281.0,11500,8d83859dc54e76bf8976c6a40a03dec165eea736d80225c672a020a11158c2ec
280,45,c201_receta_lags_11500_s429899.csv,/Users/agustina/Documents/segundo-cuatrimestre/dmeyf2026/monday/competencia/experimentos/c201_receta_lags/envios_11500/c201_receta_lags_11500_s429899.csv,429899.0,11500,bc8363d75be874d9e81edbf1feb77ca9c8284029ebc831a7d460aaf83574eed7
281,45,c201_receta_lags_11500_s560771.csv,/Users/agustina/Documents/segundo-cuatrimestre/dmeyf2026/monday/competencia/experimentos/c201_receta_lags/envios_11500/c201_receta_lags_11500_s560771.csv,560771.0,11500,73c7d8a4e6c0caae27ee22b8a5e7d177e5dcbc5829fa5466bfa44572d94bde82
282,45,c201_receta_lags_11500_s749401.csv,/Users/agustina/Documents/segundo-cuatrimestre/dmeyf2026/monday/competencia/experimentos/c201_receta_lags/envios_11500/c201_receta_lags_11500_s749401.csv,749401.0,11500,fdf6a6eef8bb053acc52cadcf93bcd18835808f259d64b600359d74368065965
283,46,c201_receta_lags_12500_s261431.csv,/Users/agustina/Documents/segundo-cuatrimestre/dmeyf2026/monday/competencia/experimentos/c201_receta_lags/envios_12500/c201_receta_lags_12500_s261431.csv,261431.0,12500,6d700868f93cc117944691ca571a512066fc0c43fc0c8d336536d4332d331d45
284,46,c201_receta_lags_12500_s269281.csv,/Users/agustina/Documents/segundo-cuatrimestre/dmeyf2026/monday/competencia/experimentos/c201_receta_lags/envios_12500/c201_receta_lags_12500_s269281.csv,269281.0,12500,05337bc77b9ae7def6b28242e20d0681ed3b877a7282d22c3a1715bc9f6936a7
285,46,c201_receta_lags_12500_s429899.csv,/Users/agustina/Documents/segundo-cuatrimestre/dmeyf2026/monday/competencia/experimentos/c201_receta_lags/envios_12500/c201_receta_lags_12500_s429899.csv,429899.0,12500,c6b60193005384d26ca1400174d3d6ad115b7985bb028f00eb42a2d319d1ba95
286,46,c201_receta_lags_12500_s560771.csv,/Users/agustina/Documents/segundo-cuatrimestre/dmeyf2026/monday/competencia/experimentos/c201_receta_lags/envios_12500/c201_receta_lags_12500_s560771.csv,560771.0,12500,16d94881b72b138ab8a8ec7cf0be9307bdda90a1b26d7478c6dc3ac2588a246c
287,46,c201_receta_lags_12500_s749401.csv,/Users/agustina/Documents/segundo-cuatrimestre/dmeyf2026/monday/competencia/experimentos/c201_receta_lags/envios_12500/c201_receta_lags_12500_s749401.csv,749401.0,12500,7fcf1f1fc1221c33371db582ca566e4aeec4310f0d918ee0baba9a6341d4d675
288,47,c201_receta_lags_9000_s261431.csv,/Users/agustina/Documents/segundo-cuatrimestre/dmeyf2026/monday/competencia/experimentos/c201_receta_lags/envios_9000/c201_receta_lags_9000_s261431.csv,261431.0,9000,3be17f33c2621525058fcc8d620f4601effa8d970f56cf308264cd5537acadb9
289,47,c201_receta_lags_9000_s269281.csv,/Users/agustina/Documents/segundo-cuatrimestre/dmeyf2026/monday/competencia/experimentos/c201_receta_lags/envios_9000/c201_receta_lags_9000_s269281.csv,269281.0,9000,0750b362451edca2efe9da0e69377eb651e612003602dd37ee49577fb781265b
290,47,c201_receta_lags_9000_s429899.csv,/Users/agustina/Documents/segundo-cuatrimestre/dmeyf2026/monday/competencia/experimentos/c201_receta_lags/envios_9000/c201_receta_lags_9000_s429899.csv,429899.0,9000,8aafe5849a24854393c75bf9e7cf0f89d058a6a9b5cff8984dff6b2686248eb4
291,47,c201_receta_lags_9000_s560771.csv,/Users/agustina/Documents/segundo-cuatrimestre/dmeyf2026/monday/competencia/experimentos/c201_receta_lags/envios_9000/c201_receta_lags_9000_s560771.csv,560771.0,9000,1edc1899ab7baaccc46b6d65a65ead20117d4dab9c557509cafa365f8603a76b
292,47,c201_receta_lags_9000_s749401.csv,/Users/agustina/Documents/segundo-cuatrimestre/dmeyf2026/monday/competencia/experimentos/c201_receta_lags/envios_9000/c201_receta_lags_9000_s749401.csv,749401.0,9000,e7974e097dcc90f10e24c07abfa80e2189a7098e71529dbbcc733786b5ee27b4
293,48,c201_receta_lags_14000_s261431.csv,/Users/agustina/Documents/segundo-cuatrimestre/dmeyf2026/monday/competencia/experimentos/c201_receta_lags/envios_14000/c201_receta_lags_14000_s261431.csv,261431.0,14000,62a48fcd77b71694e441be5c28e39dd249efcae15101a49bd2417dedb60dd030
294,48,c201_receta_lags_14000_s269281.csv,/Users/agustina/Documents/segundo-cuatrimestre/dmeyf2026/monday/competencia/experimentos/c201_receta_lags/envios_14000/c201_receta_lags_14000_s269281.csv,269281.0,14000,7b206395ef1270e8a6392519043731a1e4bde698dcb7aabb6c5f82826a571a9e
295,48,c201_receta_lags_14000_s429899.csv,/Users/agustina/Documents/segundo-cuatrimestre/dmeyf2026/monday/competencia/experimentos/c201_receta_lags/envios_14000/c201_receta_lags_14000_s429899.csv,429899.0,14000,dd2ff002af43d1d6444ea0d1d1475958e2d3daad1b30cbc122dcb5e6faa215ff
296,48,c201_receta_lags_14000_s560771.csv,/Users/agustina/Documents/segundo-cuatrimestre/dmeyf2026/monday/competencia/experimentos/c201_receta_lags/envios_14000/c201_receta_lags_14000_s560771.csv,560771.0,14000,d0fb235631da801d8372832399040fae65a3e91be67a68bba3b1af9b55989f48
297,48,c201_receta_lags_14000_s749401.csv,/Users/agustina/Documents/segundo-cuatrimestre/dmeyf2026/monday/competencia/experimentos/c201_receta_lags/envios_14000/c201_receta_lags_14000_s749401.csv,749401.0,14000,5ddadc9e2ae65c3a3af9022b43b0301c93be3cd8072ab03bbd490d60a517c811
298,49,c201_receta_lags_15000_s261431.csv,/Users/agustina/Documents/segundo-cuatrimestre/dmeyf2026/monday/competencia/experimentos/c201_receta_lags/envios_15000/c201_receta_lags_15000_s261431.csv,261431.0,15000,d5501ec6a71fd3a39fbb74d191cc63708d12be1963925c2bed30b722598f36e0
299,49,c201_receta_lags_15000_s269281.csv,/Users/agustina/Documents/segundo-cuatrimestre/dmeyf2026/monday/competencia/experimentos/c201_receta_lags/envios_15000/c201_receta_lags_15000_s269281.csv,269281.0,15000,d9434d43c3bb1b08a4335bc49e549172cc4c04db296a6e3d443d91f675959006
300,49,c201_receta_lags_15000_s429899.csv,/Users/agustina/Documents/segundo-cuatrimestre/dmeyf2026/monday/competencia/experimentos/c201_receta_lags/envios_15000/c201_receta_lags_15000_s429899.csv,429899.0,15000,701b1c5114ad7757881d98b5ec99dd389c5b3898b343895b6b90abc258dee92a
301,49,c201_receta_lags_15000_s560771.csv,/Users/agustina/Documents/segundo-cuatrimestre/dmeyf2026/monday/competencia/experimentos/c201_receta_lags/envios_15000/c201_receta_lags_15000_s560771.csv,560771.0,15000,1934a7ff1a1790be9d1b7f33412ce9d9df7c8fd7b6a1dd84ea1e2713f500a1a0
302,49,c201_receta_lags_15000_s749401.csv,/Users/agustina/Documents/segundo-cuatrimestre/dmeyf2026/monday/competencia/experimentos/c201_receta_lags/envios_15000/c201_receta_lags_15000_s749401.csv,749401.0,15000,b88124d82a642620e6d5e54de3616b094227851fb8a1dcfef3c8e6d2dd5c6c99
303,50,c190_fe3_9000_s127531.csv,/Users/agustina/Documents/segundo-cuatrimestre/dmeyf2026/monday/competencia/experimentos/c190_fe3/envios_9000/c190_fe3_9000_s127531.csv,127531.0,9000,de709bde111ce539abfacb9f4e699018a2ec8923de4e200468062884b4f6a492
304,50,c190_fe3_9000_s184378.csv,/Users/agustina/Documents/segundo-cuatrimestre/dmeyf2026/monday/competencia/experimentos/c190_fe3/envios_9000/c190_fe3_9000_s184378.csv,184378.0,9000,c07a557b8c929a92af312b4694a0d05b29026e80fb392223476d1fae33585128
305,50,c190_fe3_9000_s209582.csv,/Users/agustina/Documents/segundo-cuatrimestre/dmeyf2026/monday/competencia/experimentos/c190_fe3/envios_9000/c190_fe3_9000_s209582.csv,209582.0,9000,982fc5440823ade59dde9d9e221fca18da27e756955e53826ad48d4ef70e618c
306,50,c190_fe3_9000_s249236.csv,/Users/agustina/Documents/segundo-cuatrimestre/dmeyf2026/monday/competencia/experimentos/c190_fe3/envios_9000/c190_fe3_9000_s249236.csv,249236.0,9000,8f444ea8612d4162b6eb3af122dcf0cfd45e3c6b141ef7707fc2f0ada04615e2
307,50,c190_fe3_9000_s253684.csv,/Users/agustina/Documents/segundo-cuatrimestre/dmeyf2026/monday/competencia/experimentos/c190_fe3/envios_9000/c190_fe3_9000_s253684.csv,253684.0,9000,032f4ed24bd63c9fc198d31d73cdaf4783d392d949e83ff2bdff7c0731fdcce6
308,50,c190_fe3_9000_s261431.csv,/Users/agustina/Documents/segundo-cuatrimestre/dmeyf2026/monday/competencia/experimentos/c190_fe3/envios_9000/c190_fe3_9000_s261431.csv,261431.0,9000,df545fa788e7442ada38393548b42ac9d1f435fe837fce24858d53836419aada
309,50,c190_fe3_9000_s269281.csv,/Users/agustina/Documents/segundo-cuatrimestre/dmeyf2026/monday/competencia/experimentos/c190_fe3/envios_9000/c190_fe3_9000_s269281.csv,269281.0,9000,33c09a74abaddd6001669f9eaa6d03f90d9705b832a78e6621e0c5b4b5aff26a
310,50,c190_fe3_9000_s329840.csv,/Users/agustina/Documents/segundo-cuatrimestre/dmeyf2026/monday/competencia/experimentos/c190_fe3/envios_9000/c190_fe3_9000_s329840.csv,329840.0,9000,4b476d2e90a849a265c5628f887bfe9162beaea685384e52195bcb5202d0f91d
311,50,c190_fe3_9000_s358170.csv,/Users/agustina/Documents/segundo-cuatrimestre/dmeyf2026/monday/competencia/experimentos/c190_fe3/envios_9000/c190_fe3_9000_s358170.csv,358170.0,9000,d0f6a75c4e72c656b944c69247f78d0424ff7622d605fe78e2cb0b066341d05d
312,50,c190_fe3_9000_s429899.csv,/Users/agustina/Documents/segundo-cuatrimestre/dmeyf2026/monday/competencia/experimentos/c190_fe3/envios_9000/c190_fe3_9000_s429899.csv,429899.0,9000,9bf7489112d4c1745d9960d3bfa419bf32655165ec665bc4e1c96ba491f01b3a
313,50,c190_fe3_9000_s49886.csv,/Users/agustina/Documents/segundo-cuatrimestre/dmeyf2026/monday/competencia/experimentos/c190_fe3/envios_9000/c190_fe3_9000_s49886.csv,49886.0,9000,5ccc86f71bebd208e105f4a42d80e79ecbd349545adaf036d92f77453ed5e737
314,50,c190_fe3_9000_s560771.csv,/Users/agustina/Documents/segundo-cuatrimestre/dmeyf2026/monday/competencia/experimentos/c190_fe3/envios_9000/c190_fe3_9000_s560771.csv,560771.0,9000,00eea8ced452a448700298f59aa5e083d12cdb6995ae02773290679f170247eb
315,50,c190_fe3_9000_s572096.csv,/Users/agustina/Documents/segundo-cuatrimestre/dmeyf2026/monday/competencia/experimentos/c190_fe3/envios_9000/c190_fe3_9000_s572096.csv,572096.0,9000,84f901e09064dc3c63e40121e1bfcd62bba4f96f62fc6e3cd577482736390f48
316,50,c190_fe3_9000_s583252.csv,/Users/agustina/Documents/segundo-cuatrimestre/dmeyf2026/monday/competencia/experimentos/c190_fe3/envios_9000/c190_fe3_9000_s583252.csv,583252.0,9000,0600b8b30dde553feb34ce15178dc0d8f3a3f8b86b03be4d82dcbe9c9891bc12
317,50,c190_fe3_9000_s678107.csv,/Users/agustina/Documents/segundo-cuatrimestre/dmeyf2026/monday/competencia/experimentos/c190_fe3/envios_9000/c190_fe3_9000_s678107.csv,678107.0,9000,9fb6d81d1c7a17742d7ad54cac2f4a89c394ec9ff5438d01056f2390c90c67d8
318,50,c190_fe3_9000_s72635.csv,/Users/agustina/Documents/segundo-cuatrimestre/dmeyf2026/monday/competencia/experimentos/c190_fe3/envios_9000/c190_fe3_9000_s72635.csv,72635.0,9000,7c31b406c0933bca5f795aa482e632df696cb81303e0881b3feaf93fe56e2158
319,50,c190_fe3_9000_s749401.csv,/Users/agustina/Documents/segundo-cuatrimestre/dmeyf2026/monday/competencia/experimentos/c190_fe3/envios_9000/c190_fe3_9000_s749401.csv,749401.0,9000,a8eedec0beec2374555e6da66e65c309d258be431b1ccec1dbd72fee5382dc68
320,50,c190_fe3_9000_s842203.csv,/Users/agustina/Documents/segundo-cuatrimestre/dmeyf2026/monday/competencia/experimentos/c190_fe3/envios_9000/c190_fe3_9000_s842203.csv,842203.0,9000,18d4b69c837bec5316eb998d7295b5418048eb0a5b345c95ad08828107daab5d
321,50,c190_fe3_9000_s878049.csv,/Users/agustina/Documents/segundo-cuatrimestre/dmeyf2026/monday/competencia/experimentos/c190_fe3/envios_9000/c190_fe3_9000_s878049.csv,878049.0,9000,85fc14fef08e1a66d8aeb18c1ac568e0df7cf57a6ffc94c01bfd5d4c29f680b0
322,50,c190_fe3_9000_s904620.csv,/Users/agustina/Documents/segundo-cuatrimestre/dmeyf2026/monday/competencia/experimentos/c190_fe3/envios_9000/c190_fe3_9000_s904620.csv,904620.0,9000,69516850229090ffb303e90e3e2280ee354bf00273507b20460e676c03df6c5e
323,51,c190_fe3_10000_s127531.csv,/Users/agustina/Documents/segundo-cuatrimestre/dmeyf2026/monday/competencia/experimentos/c190_fe3/envios_10000/c190_fe3_10000_s127531.csv,127531.0,10000,31a366ca420b0189153481b9fbac0c1cb0a0dfb95de4eb01b1394c195530e8af
324,51,c190_fe3_10000_s184378.csv,/Users/agustina/Documents/segundo-cuatrimestre/dmeyf2026/monday/competencia/experimentos/c190_fe3/envios_10000/c190_fe3_10000_s184378.csv,184378.0,10000,20590cb07a748912fd963411a8cb7578cced422328420c9c86ffecf0b189abf3
325,51,c190_fe3_10000_s209582.csv,/Users/agustina/Documents/segundo-cuatrimestre/dmeyf2026/monday/competencia/experimentos/c190_fe3/envios_10000/c190_fe3_10000_s209582.csv,209582.0,10000,c142161dc8b28cfad912df936a73198b77d3bb73f2ff8cdf69ec2e27498dda33
326,51,c190_fe3_10000_s249236.csv,/Users/agustina/Documents/segundo-cuatrimestre/dmeyf2026/monday/competencia/experimentos/c190_fe3/envios_10000/c190_fe3_10000_s249236.csv,249236.0,10000,164a1bf79a8e93e724ee7cb2727b4397a01afc7db02a46208ff300e11556d048
327,51,c190_fe3_10000_s253684.csv,/Users/agustina/Documents/segundo-cuatrimestre/dmeyf2026/monday/competencia/experimentos/c190_fe3/envios_10000/c190_fe3_10000_s253684.csv,253684.0,10000,a606f5114a618fbe33f431996e286bc595d320e614d5ef42b8d7c33819d56989
328,51,c190_fe3_10000_s261431.csv,/Users/agustina/Documents/segundo-cuatrimestre/dmeyf2026/monday/competencia/experimentos/c190_fe3/envios_10000/c190_fe3_10000_s261431.csv,261431.0,10000,7cf798cae6003a18c422adce11f344f20cd720df3ae975964eb3df03e3147c08
329,51,c190_fe3_10000_s269281.csv,/Users/agustina/Documents/segundo-cuatrimestre/dmeyf2026/monday/competencia/experimentos/c190_fe3/envios_10000/c190_fe3_10000_s269281.csv,269281.0,10000,d516974eee78570c002e3deca0f8797744e5593b67982d63dd3046a6a239f213
330,51,c190_fe3_10000_s329840.csv,/Users/agustina/Documents/segundo-cuatrimestre/dmeyf2026/monday/competencia/experimentos/c190_fe3/envios_10000/c190_fe3_10000_s329840.csv,329840.0,10000,6bd3530c93ee81dff1c5aa43987057f3a98e5346c782841503c4e3afca01e3a0
331,51,c190_fe3_10000_s358170.csv,/Users/agustina/Documents/segundo-cuatrimestre/dmeyf2026/monday/competencia/experimentos/c190_fe3/envios_10000/c190_fe3_10000_s358170.csv,358170.0,10000,6b461011cca13a2333cdd3731d074c1a5468c83bf311e66f7e5f7169b6a62449
332,51,c190_fe3_10000_s429899.csv,/Users/agustina/Documents/segundo-cuatrimestre/dmeyf2026/monday/competencia/experimentos/c190_fe3/envios_10000/c190_fe3_10000_s429899.csv,429899.0,10000,ff6f8890a948b8b1d5b22e653612dde0637959d96af588537f280450ba005845
333,51,c190_fe3_10000_s49886.csv,/Users/agustina/Documents/segundo-cuatrimestre/dmeyf2026/monday/competencia/experimentos/c190_fe3/envios_10000/c190_fe3_10000_s49886.csv,49886.0,10000,110d0508dd5d2679d91b11fda99b738e9c14379d872f669ce190e850fe0d4f5e
334,51,c190_fe3_10000_s560771.csv,/Users/agustina/Documents/segundo-cuatrimestre/dmeyf2026/monday/competencia/experimentos/c190_fe3/envios_10000/c190_fe3_10000_s560771.csv,560771.0,10000,2c2d7e1ff2b28dcc94525be586b0832cf00368cfcc5e75830640a2493446c0a8
335,51,c190_fe3_10000_s572096.csv,/Users/agustina/Documents/segundo-cuatrimestre/dmeyf2026/monday/competencia/experimentos/c190_fe3/envios_10000/c190_fe3_10000_s572096.csv,572096.0,10000,3702aaf178f71f844a7d23500778ecb444b00bb3101064a948f9399b35f4d58f
336,51,c190_fe3_10000_s583252.csv,/Users/agustina/Documents/segundo-cuatrimestre/dmeyf2026/monday/competencia/experimentos/c190_fe3/envios_10000/c190_fe3_10000_s583252.csv,583252.0,10000,94f5c969ae608923364ce4adfde370dba55d9010b7d83eda44740b731253fd95
337,51,c190_fe3_10000_s678107.csv,/Users/agustina/Documents/segundo-cuatrimestre/dmeyf2026/monday/competencia/experimentos/c190_fe3/envios_10000/c190_fe3_10000_s678107.csv,678107.0,10000,ba974413d378b5fd2ff0e1a5b0cf27a00c98acef126ecd257daf5f9146f11c30
338,51,c190_fe3_10000_s72635.csv,/Users/agustina/Documents/segundo-cuatrimestre/dmeyf2026/monday/competencia/experimentos/c190_fe3/envios_10000/c190_fe3_10000_s72635.csv,72635.0,10000,eaf65cf310f3c1f9df4fde9daefb3bb7a2d2c1f164898b6ec81f613480a4cf07
339,51,c190_fe3_10000_s749401.csv,/Users/agustina/Documents/segundo-cuatrimestre/dmeyf2026/monday/competencia/experimentos/c190_fe3/envios_10000/c190_fe3_10000_s749401.csv,749401.0,10000,c8d46dd2e7a6ca0aa38f623aa29bbd2d9cd866e363b1b6e41e65dddaabe1acaa
340,51,c190_fe3_10000_s842203.csv,/Users/agustina/Documents/segundo-cuatrimestre/dmeyf2026/monday/competencia/experimentos/c190_fe3/envios_10000/c190_fe3_10000_s842203.csv,842203.0,10000,91a4745ced5b007489632afb918710d8590bdb20d77fd8a7f93ad89f67e8427b
341,51,c190_fe3_10000_s878049.csv,/Users/agustina/Documents/segundo-cuatrimestre/dmeyf2026/monday/competencia/experimentos/c190_fe3/envios_10000/c190_fe3_10000_s878049.csv,878049.0,10000,57fdcb1852fcbc5bc01d0db2a4b5e0215bbe36158aebaf8e652710681c0046f7
342,51,c190_fe3_10000_s904620.csv,/Users/agustina/Documents/segundo-cuatrimestre/dmeyf2026/monday/competencia/experimentos/c190_fe3/envios_10000/c190_fe3_10000_s904620.csv,904620.0,10000,2548559ff821b223b73ffc3620427b470a783b2010dad61304d6ead45f4fcf22
343,52,c190_fe3_11000_s127531.csv,/Users/agustina/Documents/segundo-cuatrimestre/dmeyf2026/monday/competencia/experimentos/c190_fe3/envios_11000/c190_fe3_11000_s127531.csv,127531.0,11000,e901d932dcb2fd18069cdb44c4e6113b399fc647c07e18d1ea8862de7cfb3028
344,52,c190_fe3_11000_s184378.csv,/Users/agustina/Documents/segundo-cuatrimestre/dmeyf2026/monday/competencia/experimentos/c190_fe3/envios_11000/c190_fe3_11000_s184378.csv,184378.0,11000,707c508f5fb400ac343753a856a268b3b5bbabd7447adedc7b40359f445c94a7
345,52,c190_fe3_11000_s209582.csv,/Users/agustina/Documents/segundo-cuatrimestre/dmeyf2026/monday/competencia/experimentos/c190_fe3/envios_11000/c190_fe3_11000_s209582.csv,209582.0,11000,49cf87a166c93a2944463ef03807f87fd25e5fba18a2eea75628feea73e97c40
346,52,c190_fe3_11000_s249236.csv,/Users/agustina/Documents/segundo-cuatrimestre/dmeyf2026/monday/competencia/experimentos/c190_fe3/envios_11000/c190_fe3_11000_s249236.csv,249236.0,11000,7462f275da2a7329043ee8744cafea9de1ceaa05a448ec475ffb8f0c856eb71d
347,52,c190_fe3_11000_s253684.csv,/Users/agustina/Documents/segundo-cuatrimestre/dmeyf2026/monday/competencia/experimentos/c190_fe3/envios_11000/c190_fe3_11000_s253684.csv,253684.0,11000,2f0d0c49a2dfe58bd61799236d04a58f51c00a0495db0ffa07abbbddb6b6e4c0
348,52,c190_fe3_11000_s261431.csv,/Users/agustina/Documents/segundo-cuatrimestre/dmeyf2026/monday/competencia/experimentos/c190_fe3/envios_11000/c190_fe3_11000_s261431.csv,261431.0,11000,6e8c514148442adf7ad058226a6e642b1abcf19f301c742b16e22850ae03c423
349,52,c190_fe3_11000_s269281.csv,/Users/agustina/Documents/segundo-cuatrimestre/dmeyf2026/monday/competencia/experimentos/c190_fe3/envios_11000/c190_fe3_11000_s269281.csv,269281.0,11000,2b627b74f01d4519ca5b2c225c443080041190dee489c672e9f408427e42bcfb
350,52,c190_fe3_11000_s329840.csv,/Users/agustina/Documents/segundo-cuatrimestre/dmeyf2026/monday/competencia/experimentos/c190_fe3/envios_11000/c190_fe3_11000_s329840.csv,329840.0,11000,b8be244b49e51a0456b05677dcf7316fe8d8ff4fb1a4e5781dc741a2a1bc2d92
351,52,c190_fe3_11000_s358170.csv,/Users/agustina/Documents/segundo-cuatrimestre/dmeyf2026/monday/competencia/experimentos/c190_fe3/envios_11000/c190_fe3_11000_s358170.csv,358170.0,11000,deab751cb9cbc96eb93368a9266508fac0ef47ef43a2e424bc9383847e75be7e
352,52,c190_fe3_11000_s429899.csv,/Users/agustina/Documents/segundo-cuatrimestre/dmeyf2026/monday/competencia/experimentos/c190_fe3/envios_11000/c190_fe3_11000_s429899.csv,429899.0,11000,fd6ebec8538acd5c1d5ac4854c2d9992c8f0f5bc8a0cc98eda135d5be511be3f
353,52,c190_fe3_11000_s49886.csv,/Users/agustina/Documents/segundo-cuatrimestre/dmeyf2026/monday/competencia/experimentos/c190_fe3/envios_11000/c190_fe3_11000_s49886.csv,49886.0,11000,58cdb915bc70d2012da0a060d5f1aa9d801b5127d2a84ee6b739b720d38427ae
354,52,c190_fe3_11000_s560771.csv,/Users/agustina/Documents/segundo-cuatrimestre/dmeyf2026/monday/competencia/experimentos/c190_fe3/envios_11000/c190_fe3_11000_s560771.csv,560771.0,11000,3b44841fbb34a320f61766ba52c265c84c9768ab470825dcae6609e4a01e3d25
355,52,c190_fe3_11000_s572096.csv,/Users/agustina/Documents/segundo-cuatrimestre/dmeyf2026/monday/competencia/experimentos/c190_fe3/envios_11000/c190_fe3_11000_s572096.csv,572096.0,11000,2f6b9c4d687010ee7232885922bf12742c7a4565dc29b48a71ed473938c8996e
356,52,c190_fe3_11000_s583252.csv,/Users/agustina/Documents/segundo-cuatrimestre/dmeyf2026/monday/competencia/experimentos/c190_fe3/envios_11000/c190_fe3_11000_s583252.csv,583252.0,11000,b5a3266e46970bd1d68bd6756a34c6c463cbec89b999fe8bb467122a7d363cd7
357,52,c190_fe3_11000_s678107.csv,/Users/agustina/Documents/segundo-cuatrimestre/dmeyf2026/monday/competencia/experimentos/c190_fe3/envios_11000/c190_fe3_11000_s678107.csv,678107.0,11000,4f6b86679d5475768e79c3c143d7fbcc23d6f4c90d9cfd3282e17cc792721c38
358,52,c190_fe3_11000_s72635.csv,/Users/agustina/Documents/segundo-cuatrimestre/dmeyf2026/monday/competencia/experimentos/c190_fe3/envios_11000/c190_fe3_11000_s72635.csv,72635.0,11000,b5026f38693f734a4c72e6aff481e2a035f92a07bebfcf56802fb3a6fd6f23dc
359,52,c190_fe3_11000_s749401.csv,/Users/agustina/Documents/segundo-cuatrimestre/dmeyf2026/monday/competencia/experimentos/c190_fe3/envios_11000/c190_fe3_11000_s749401.csv,749401.0,11000,f6e90b8ef596f124c0cbec196957f474d5e489c0c8ec0e570f173a680ec2d746
360,52,c190_fe3_11000_s842203.csv,/Users/agustina/Documents/segundo-cuatrimestre/dmeyf2026/monday/competencia/experimentos/c190_fe3/envios_11000/c190_fe3_11000_s842203.csv,842203.0,11000,c319239cd229fbb9c859231f39a0c92dbda0216af1746fc6aaee1568a039b3d6
361,52,c190_fe3_11000_s878049.csv,/Users/agustina/Documents/segundo-cuatrimestre/dmeyf2026/monday/competencia/experimentos/c190_fe3/envios_11000/c190_fe3_11000_s878049.csv,878049.0,11000,728c4481be45e8d1c123f7b1d8ef42ee69693d27612610ca0e116c98aac8b110
362,52,c190_fe3_11000_s904620.csv,/Users/agustina/Documents/segundo-cuatrimestre/dmeyf2026/monday/competencia/experimentos/c190_fe3/envios_11000/c190_fe3_11000_s904620.csv,904620.0,11000,0675f4881e79d9daf999921bd851a17b2390fe245c6623ffa9dd6183ed4f8dc6
363,53,c191_base10000_s127531.csv,/Users/agustina/Documents/segundo-cuatrimestre/dmeyf2026/monday/competencia/experimentos/c191_base10000/envios/c191_base10000_s127531.csv,127531.0,10000,7cd9cd8e34c25e149210306a9a1b7fc8eb2b9405f3606bcfa40d829a4ed68947
364,53,c191_base10000_s184378.csv,/Users/agustina/Documents/segundo-cuatrimestre/dmeyf2026/monday/competencia/experimentos/c191_base10000/envios/c191_base10000_s184378.csv,184378.0,10000,9b6df7262fff6fc9a5f804746ad4d8b347a6855f0c587e925f66a30245d97b25
365,53,c191_base10000_s209582.csv,/Users/agustina/Documents/segundo-cuatrimestre/dmeyf2026/monday/competencia/experimentos/c191_base10000/envios/c191_base10000_s209582.csv,209582.0,10000,37d988164bd99f0f549ed6e73b8112dea5d1038f90a2549a2b33f41985ff597d
366,53,c191_base10000_s249236.csv,/Users/agustina/Documents/segundo-cuatrimestre/dmeyf2026/monday/competencia/experimentos/c191_base10000/envios/c191_base10000_s249236.csv,249236.0,10000,83fac64e3c58d36fd72857b8eca4de0c819d37a22a1a07df39585cf83156c5d1
367,53,c191_base10000_s253684.csv,/Users/agustina/Documents/segundo-cuatrimestre/dmeyf2026/monday/competencia/experimentos/c191_base10000/envios/c191_base10000_s253684.csv,253684.0,10000,3ba43092dfa3b7a01f017d52c28993374513ce704fefdcb9cbb51402a1a2efd8
368,53,c191_base10000_s261431.csv,/Users/agustina/Documents/segundo-cuatrimestre/dmeyf2026/monday/competencia/experimentos/c191_base10000/envios/c191_base10000_s261431.csv,261431.0,10000,a67ba0a6b6737534aed7202b941fd99e6073ce535e92d71f48dfeb3c108a236e
369,53,c191_base10000_s269281.csv,/Users/agustina/Documents/segundo-cuatrimestre/dmeyf2026/monday/competencia/experimentos/c191_base10000/envios/c191_base10000_s269281.csv,269281.0,10000,bfbbdfedd28a48856d59561073d99cd6fa6456d9592f35b35deb80c512b7f6b2
370,53,c191_base10000_s329840.csv,/Users/agustina/Documents/segundo-cuatrimestre/dmeyf2026/monday/competencia/experimentos/c191_base10000/envios/c191_base10000_s329840.csv,329840.0,10000,e00ce2322e483e561449114d75bd9048aaf70da5a18dd3921ff3099afaf35d05
371,53,c191_base10000_s358170.csv,/Users/agustina/Documents/segundo-cuatrimestre/dmeyf2026/monday/competencia/experimentos/c191_base10000/envios/c191_base10000_s358170.csv,358170.0,10000,9b96b7bcc879d521067974d1408bba63f0453c6891f2902b5b759ace3f7cb95f
372,53,c191_base10000_s429899.csv,/Users/agustina/Documents/segundo-cuatrimestre/dmeyf2026/monday/competencia/experimentos/c191_base10000/envios/c191_base10000_s429899.csv,429899.0,10000,7b26e68d6c916758a4252d59bea2f72d11b4627403849308f426d330437ad8c1
373,53,c191_base10000_s49886.csv,/Users/agustina/Documents/segundo-cuatrimestre/dmeyf2026/monday/competencia/experimentos/c191_base10000/envios/c191_base10000_s49886.csv,49886.0,10000,a61608bd3f4757f40fde582ac626bdc01f1d819c01152b9b1b3eca0f31cca6e0
374,53,c191_base10000_s560771.csv,/Users/agustina/Documents/segundo-cuatrimestre/dmeyf2026/monday/competencia/experimentos/c191_base10000/envios/c191_base10000_s560771.csv,560771.0,10000,0b04ab4ca6f25267f7b30feb1202502fea4fd95a87ca060aea28e2e2ebbab5b9
375,53,c191_base10000_s572096.csv,/Users/agustina/Documents/segundo-cuatrimestre/dmeyf2026/monday/competencia/experimentos/c191_base10000/envios/c191_base10000_s572096.csv,572096.0,10000,2599c32dc7f34bf2137c30b70f7aa9b781a40cacf22806879ffc8769d1f21b30
376,53,c191_base10000_s583252.csv,/Users/agustina/Documents/segundo-cuatrimestre/dmeyf2026/monday/competencia/experimentos/c191_base10000/envios/c191_base10000_s583252.csv,583252.0,10000,d33f5e3ecd004f499e474764af064575797168488175f46ee750a822d1d8b2b4
377,53,c191_base10000_s678107.csv,/Users/agustina/Documents/segundo-cuatrimestre/dmeyf2026/monday/competencia/experimentos/c191_base10000/envios/c191_base10000_s678107.csv,678107.0,10000,acb703539f0e8956f52f0f84ef2069ce949a65664043913b935755368e8d9538
378,53,c191_base10000_s72635.csv,/Users/agustina/Documents/segundo-cuatrimestre/dmeyf2026/monday/competencia/experimentos/c191_base10000/envios/c191_base10000_s72635.csv,72635.0,10000,b33860e7e75cd5542a6faca8970880e763f68d78fe776fe4a2b8e71ebda3927e
379,53,c191_base10000_s749401.csv,/Users/agustina/Documents/segundo-cuatrimestre/dmeyf2026/monday/competencia/experimentos/c191_base10000/envios/c191_base10000_s749401.csv,749401.0,10000,64d6aaba006392f6dcc5dc77c7b21f334688c59bb9a3101db161bfeebca8c465
380,53,c191_base10000_s842203.csv,/Users/agustina/Documents/segundo-cuatrimestre/dmeyf2026/monday/competencia/experimentos/c191_base10000/envios/c191_base10000_s842203.csv,842203.0,10000,952ae0a5beb9e7d8c8bc9a8811e6973b4720ce03b820b0c774c873a9e36af44f
381,53,c191_base10000_s878049.csv,/Users/agustina/Documents/segundo-cuatrimestre/dmeyf2026/monday/competencia/experimentos/c191_base10000/envios/c191_base10000_s878049.csv,878049.0,10000,5710aa47eabe5592f390d197d9ae3fe341eb0415dff4c2a53b892e5fa91ac3e8
382,53,c191_base10000_s904620.csv,/Users/agustina/Documents/segundo-cuatrimestre/dmeyf2026/monday/competencia/experimentos/c191_base10000/envios/c191_base10000_s904620.csv,904620.0,10000,c13b940bf931520ef1b9f2a16574e21585b6c77474afa6fee71e9c6451f549ee
383,54,c201_receta_lags_13000_s261431.csv,/Users/agustina/Documents/segundo-cuatrimestre/dmeyf2026/monday/competencia/experimentos/c201_receta_lags/envios_13000/c201_receta_lags_13000_s261431.csv,261431.0,13000,7f55b854e9deefb2ed22646de3128fc247ba69ee33dc34a863255f2796c80023
384,54,c201_receta_lags_13000_s269281.csv,/Users/agustina/Documents/segundo-cuatrimestre/dmeyf2026/monday/competencia/experimentos/c201_receta_lags/envios_13000/c201_receta_lags_13000_s269281.csv,269281.0,13000,7e8ccb7789857ae27066daa05c12bb19c5d99792e2b9e531a44a2bcaaa153887
385,54,c201_receta_lags_13000_s429899.csv,/Users/agustina/Documents/segundo-cuatrimestre/dmeyf2026/monday/competencia/experimentos/c201_receta_lags/envios_13000/c201_receta_lags_13000_s429899.csv,429899.0,13000,e0da5a04cdee77770c63fb75c4771e685407a6cc86c70bca8b564dd2e63d32cb
386,54,c201_receta_lags_13000_s560771.csv,/Users/agustina/Documents/segundo-cuatrimestre/dmeyf2026/monday/competencia/experimentos/c201_receta_lags/envios_13000/c201_receta_lags_13000_s560771.csv,560771.0,13000,99f2e8281fa345d51f8fb4116035faabb8904182986fc8f3824736b3e6726865
387,54,c201_receta_lags_13000_s749401.csv,/Users/agustina/Documents/segundo-cuatrimestre/dmeyf2026/monday/competencia/experimentos/c201_receta_lags/envios_13000/c201_receta_lags_13000_s749401.csv,749401.0,13000,790ad2b0858dad019ff301ec663fd4c3f569433120b57680411c9c869a94e75e
388,55,c201_receta_lags_13500_s261431.csv,/Users/agustina/Documents/segundo-cuatrimestre/dmeyf2026/monday/competencia/experimentos/c201_receta_lags/envios_13500/c201_receta_lags_13500_s261431.csv,261431.0,13500,b97c12b10bb8f1e5b922d04ee2e1ec7ed7765047d561d1265298d75dbf36d2be
389,55,c201_receta_lags_13500_s269281.csv,/Users/agustina/Documents/segundo-cuatrimestre/dmeyf2026/monday/competencia/experimentos/c201_receta_lags/envios_13500/c201_receta_lags_13500_s269281.csv,269281.0,13500,6f7b60040d41bc7b6bd2f380008a8b04a0a4f302d49e5e873273f70582d612e2
390,55,c201_receta_lags_13500_s429899.csv,/Users/agustina/Documents/segundo-cuatrimestre/dmeyf2026/monday/competencia/experimentos/c201_receta_lags/envios_13500/c201_receta_lags_13500_s429899.csv,429899.0,13500,2800035ab57ab525082646e3f494a019f4727e0d57cdae4d690f3eceef0055a6
391,55,c201_receta_lags_13500_s560771.csv,/Users/agustina/Documents/segundo-cuatrimestre/dmeyf2026/monday/competencia/experimentos/c201_receta_lags/envios_13500/c201_receta_lags_13500_s560771.csv,560771.0,13500,46d5d0432acf26ee2094b41fba51777ad449f664246ec7f38758de4f162e3e58
392,55,c201_receta_lags_13500_s749401.csv,/Users/agustina/Documents/segundo-cuatrimestre/dmeyf2026/monday/competencia/experimentos/c201_receta_lags/envios_13500/c201_receta_lags_13500_s749401.csv,749401.0,13500,280f43eb3e1c1296671a43883072a1011f9fa1fb399786d47a7533a07377c7b0
393,56,c201_receta_lags_14500_s261431.csv,/Users/agustina/Documents/segundo-cuatrimestre/dmeyf2026/monday/competencia/experimentos/c201_receta_lags/envios_14500/c201_receta_lags_14500_s261431.csv,261431.0,14500,c737273162d8db829c1f4a0604abe9199fa6998766b0f016bce91705537c00f5
394,56,c201_receta_lags_14500_s269281.csv,/Users/agustina/Documents/segundo-cuatrimestre/dmeyf2026/monday/competencia/experimentos/c201_receta_lags/envios_14500/c201_receta_lags_14500_s269281.csv,269281.0,14500,c38e91ea3ab222e3610a8d9d91027c2362f83686a6b39475373e8e9c28384c35
395,56,c201_receta_lags_14500_s429899.csv,/Users/agustina/Documents/segundo-cuatrimestre/dmeyf2026/monday/competencia/experimentos/c201_receta_lags/envios_14500/c201_receta_lags_14500_s429899.csv,429899.0,14500,2b278c4a4dae10a3e6f4b4098326d80825412474b3a064d418eda8591dc3682c
396,56,c201_receta_lags_14500_s560771.csv,/Users/agustina/Documents/segundo-cuatrimestre/dmeyf2026/monday/competencia/experimentos/c201_receta_lags/envios_14500/c201_receta_lags_14500_s560771.csv,560771.0,14500,265f7ff97b3716f859a61514020560c5a234c00719d69cb573accdb10118c45f
397,56,c201_receta_lags_14500_s749401.csv,/Users/agustina/Documents/segundo-cuatrimestre/dmeyf2026/monday/competencia/experimentos/c201_receta_lags/envios_14500/c201_receta_lags_14500_s749401.csv,749401.0,14500,98234c7f7c4731aec276604e50b75ca38ba9c649589c2bbfbf3d688bbc3eb25b
398,57,c201_receta_lags_10000_s127531.csv,/Users/agustina/Documents/segundo-cuatrimestre/competencia-1/experimentos/c201_receta_lags/envios_10000/c201_receta_lags_10000_s127531.csv,127531.0,10000,a1468073e5ea8d235711399b29718d34dfd78e9592f4a46d9cccf764fa5f7397
399,57,c201_receta_lags_10000_s184378.csv,/Users/agustina/Documents/segundo-cuatrimestre/competencia-1/experimentos/c201_receta_lags/envios_10000/c201_receta_lags_10000_s184378.csv,184378.0,10000,998bd7f0c46844f0ae30d34c99e0c7d91560c6cfd1cf43024bbe392be65a9885
400,57,c201_receta_lags_10000_s209582.csv,/Users/agustina/Documents/segundo-cuatrimestre/competencia-1/experimentos/c201_receta_lags/envios_10000/c201_receta_lags_10000_s209582.csv,209582.0,10000,9c30603bb289199c47eadd55f9618dc1e9cc5da8dd532c21fa6baeab5cd02074
401,57,c201_receta_lags_10000_s249236.csv,/Users/agustina/Documents/segundo-cuatrimestre/competencia-1/experimentos/c201_receta_lags/envios_10000/c201_receta_lags_10000_s249236.csv,249236.0,10000,3cabcd2e584104b59c3e4a64655815180616049561a6593da6b04382ce939403
402,57,c201_receta_lags_10000_s253684.csv,/Users/agustina/Documents/segundo-cuatrimestre/competencia-1/experimentos/c201_receta_lags/envios_10000/c201_receta_lags_10000_s253684.csv,253684.0,10000,e28f67651948fdf0e48eefd7925513d2f71e5311c25016c436c04faeb61873aa
403,57,c201_receta_lags_10000_s261431.csv,/Users/agustina/Documents/segundo-cuatrimestre/competencia-1/experimentos/c201_receta_lags/envios_10000/c201_receta_lags_10000_s261431.csv,261431.0,10000,9b6fb193fe331f1691aea3867d596f299bf096e80c13d1051c04fe3c74636d54
404,57,c201_receta_lags_10000_s269281.csv,/Users/agustina/Documents/segundo-cuatrimestre/competencia-1/experimentos/c201_receta_lags/envios_10000/c201_receta_lags_10000_s269281.csv,269281.0,10000,707cbc02773c86e0ddea8fcd84584bb41048cc1259afcd516409f43a38a4d35d
405,57,c201_receta_lags_10000_s329840.csv,/Users/agustina/Documents/segundo-cuatrimestre/competencia-1/experimentos/c201_receta_lags/envios_10000/c201_receta_lags_10000_s329840.csv,329840.0,10000,782cce4ef2c5d89bf02861e8acd438c2d7910b9a63fe980a93bbd010e1d1aaa1
406,57,c201_receta_lags_10000_s358170.csv,/Users/agustina/Documents/segundo-cuatrimestre/competencia-1/experimentos/c201_receta_lags/envios_10000/c201_receta_lags_10000_s358170.csv,358170.0,10000,4cf74a63829aacb81573e71697a7d9df14871652a8f561e462bf888ada0153cc
407,57,c201_receta_lags_10000_s429899.csv,/Users/agustina/Documents/segundo-cuatrimestre/competencia-1/experimentos/c201_receta_lags/envios_10000/c201_receta_lags_10000_s429899.csv,429899.0,10000,b167fec78d24b3755ce16bbfc078544787693be662b4dab17ee2869d175e3e31
408,57,c201_receta_lags_10000_s49886.csv,/Users/agustina/Documents/segundo-cuatrimestre/competencia-1/experimentos/c201_receta_lags/envios_10000/c201_receta_lags_10000_s49886.csv,49886.0,10000,28603b11385fdfc6d29b914b4b4e2c5ca69ca405fe6aab0de24bb4396259a3ab
409,57,c201_receta_lags_10000_s560771.csv,/Users/agustina/Documents/segundo-cuatrimestre/competencia-1/experimentos/c201_receta_lags/envios_10000/c201_receta_lags_10000_s560771.csv,560771.0,10000,03bbfdd2077d56b5d0ac1193500fe7b6f49c569e7dc891e952fd5ef85456e3a2
410,57,c201_receta_lags_10000_s572096.csv,/Users/agustina/Documents/segundo-cuatrimestre/competencia-1/experimentos/c201_receta_lags/envios_10000/c201_receta_lags_10000_s572096.csv,572096.0,10000,2410944816e390122c46228bc2c0d1801eca9ceeab0ca17c64285a0c00f6a821
411,57,c201_receta_lags_10000_s583252.csv,/Users/agustina/Documents/segundo-cuatrimestre/competencia-1/experimentos/c201_receta_lags/envios_10000/c201_receta_lags_10000_s583252.csv,583252.0,10000,7800981653546aafff94211d3bed0c227c18c291ae03aef034d669dca16ce619
412,57,c201_receta_lags_10000_s678107.csv,/Users/agustina/Documents/segundo-cuatrimestre/competencia-1/experimentos/c201_receta_lags/envios_10000/c201_receta_lags_10000_s678107.csv,678107.0,10000,aa7f75982786f908350bccd2cf473bbc18b4c364409f27e7f1de972d8687c304
413,57,c201_receta_lags_10000_s72635.csv,/Users/agustina/Documents/segundo-cuatrimestre/competencia-1/experimentos/c201_receta_lags/envios_10000/c201_receta_lags_10000_s72635.csv,72635.0,10000,1a864e71750534af745f7cf27d22c782763c01cd6d456934db7768c22bacc4a5
414,57,c201_receta_lags_10000_s749401.csv,/Users/agustina/Documents/segundo-cuatrimestre/competencia-1/experimentos/c201_receta_lags/envios_10000/c201_receta_lags_10000_s749401.csv,749401.0,10000,82a50ef10e6a028a7b9c9300cc510f7a2a75e08372f4b3710138e0d9fd7d4ca4
415,57,c201_receta_lags_10000_s842203.csv,/Users/agustina/Documents/segundo-cuatrimestre/competencia-1/experimentos/c201_receta_lags/envios_10000/c201_receta_lags_10000_s842203.csv,842203.0,10000,f54ef1ecc2f441b711a42240551ffd97a397aa46f598c32204ddf358fa526603
416,57,c201_receta_lags_10000_s878049.csv,/Users/agustina/Documents/segundo-cuatrimestre/competencia-1/experimentos/c201_receta_lags/envios_10000/c201_receta_lags_10000_s878049.csv,878049.0,10000,5f6f73afd1002b9fab0e7cefca64607d24e0f492df32ecb15e2f5f65e14c7842
417,57,c201_receta_lags_10000_s904620.csv,/Users/agustina/Documents/segundo-cuatrimestre/competencia-1/experimentos/c201_receta_lags/envios_10000/c201_receta_lags_10000_s904620.csv,904620.0,10000,6df542afcfd87c9a87b61462a43e52f9aa34391ff76741bcbaad7032d37318b2
418,58,c201_receta_lags_14000_s127531.csv,/Users/agustina/Documents/segundo-cuatrimestre/competencia-1/experimentos/c201_receta_lags/envios_14000/c201_receta_lags_14000_s127531.csv,127531.0,14000,f5bcd96d985c1345d855dbf90c369d54d956375ad46929125b38a7ecdb735c28
419,58,c201_receta_lags_14000_s184378.csv,/Users/agustina/Documents/segundo-cuatrimestre/competencia-1/experimentos/c201_receta_lags/envios_14000/c201_receta_lags_14000_s184378.csv,184378.0,14000,2f95c2e7f1d44c24a1202193452f664df6ae5a3403bd71563de66ed3f76e83f6
420,58,c201_receta_lags_14000_s209582.csv,/Users/agustina/Documents/segundo-cuatrimestre/competencia-1/experimentos/c201_receta_lags/envios_14000/c201_receta_lags_14000_s209582.csv,209582.0,14000,259f97a3283c941ef4d020ef9c4a243226d66318e6a4a4f40a1d7f5833690835
421,58,c201_receta_lags_14000_s249236.csv,/Users/agustina/Documents/segundo-cuatrimestre/competencia-1/experimentos/c201_receta_lags/envios_14000/c201_receta_lags_14000_s249236.csv,249236.0,14000,d37b1abc1a8f6b923bd5d62035d7ce3926d2476948eb2031866693c16b851667
422,58,c201_receta_lags_14000_s253684.csv,/Users/agustina/Documents/segundo-cuatrimestre/competencia-1/experimentos/c201_receta_lags/envios_14000/c201_receta_lags_14000_s253684.csv,253684.0,14000,cb2f63bc6c6a31630be700f4188764652e3b6aa7cb89d1c836c515c6cca7f1cd
423,58,c201_receta_lags_14000_s261431.csv,/Users/agustina/Documents/segundo-cuatrimestre/competencia-1/experimentos/c201_receta_lags/envios_14000/c201_receta_lags_14000_s261431.csv,261431.0,14000,62a48fcd77b71694e441be5c28e39dd249efcae15101a49bd2417dedb60dd030
424,58,c201_receta_lags_14000_s269281.csv,/Users/agustina/Documents/segundo-cuatrimestre/competencia-1/experimentos/c201_receta_lags/envios_14000/c201_receta_lags_14000_s269281.csv,269281.0,14000,7b206395ef1270e8a6392519043731a1e4bde698dcb7aabb6c5f82826a571a9e
425,58,c201_receta_lags_14000_s329840.csv,/Users/agustina/Documents/segundo-cuatrimestre/competencia-1/experimentos/c201_receta_lags/envios_14000/c201_receta_lags_14000_s329840.csv,329840.0,14000,abe4e3ac4cae01786691377fffc63b806ddd5d1c22f9e7722858ea4f6c5dfe3d
426,58,c201_receta_lags_14000_s358170.csv,/Users/agustina/Documents/segundo-cuatrimestre/competencia-1/experimentos/c201_receta_lags/envios_14000/c201_receta_lags_14000_s358170.csv,358170.0,14000,d69d4b088be285c16d98b017ff43e88bdac7a5e3064373e0691ca26534ecee06
427,58,c201_receta_lags_14000_s429899.csv,/Users/agustina/Documents/segundo-cuatrimestre/competencia-1/experimentos/c201_receta_lags/envios_14000/c201_receta_lags_14000_s429899.csv,429899.0,14000,dd2ff002af43d1d6444ea0d1d1475958e2d3daad1b30cbc122dcb5e6faa215ff
428,58,c201_receta_lags_14000_s49886.csv,/Users/agustina/Documents/segundo-cuatrimestre/competencia-1/experimentos/c201_receta_lags/envios_14000/c201_receta_lags_14000_s49886.csv,49886.0,14000,79c422e1395aec7c59e15c595111c5aa9298ae70c5714560d1e21ebf4757cfb6
429,58,c201_receta_lags_14000_s560771.csv,/Users/agustina/Documents/segundo-cuatrimestre/competencia-1/experimentos/c201_receta_lags/envios_14000/c201_receta_lags_14000_s560771.csv,560771.0,14000,d0fb235631da801d8372832399040fae65a3e91be67a68bba3b1af9b55989f48
430,58,c201_receta_lags_14000_s572096.csv,/Users/agustina/Documents/segundo-cuatrimestre/competencia-1/experimentos/c201_receta_lags/envios_14000/c201_receta_lags_14000_s572096.csv,572096.0,14000,8c2ba729c1558c4c2e4727ab204f6e192d06cc8e6eba6a8df14eaad663365fb9
431,58,c201_receta_lags_14000_s583252.csv,/Users/agustina/Documents/segundo-cuatrimestre/competencia-1/experimentos/c201_receta_lags/envios_14000/c201_receta_lags_14000_s583252.csv,583252.0,14000,95e5a67b19b47c9490df41dc925f516c428d0d9337f43dc6390ebee06c7a2456
432,58,c201_receta_lags_14000_s678107.csv,/Users/agustina/Documents/segundo-cuatrimestre/competencia-1/experimentos/c201_receta_lags/envios_14000/c201_receta_lags_14000_s678107.csv,678107.0,14000,21b7fea41dcc812cb8ddae33f647ff15bef0556fa82768e315d953b34d2b600e
433,58,c201_receta_lags_14000_s72635.csv,/Users/agustina/Documents/segundo-cuatrimestre/competencia-1/experimentos/c201_receta_lags/envios_14000/c201_receta_lags_14000_s72635.csv,72635.0,14000,02050c233767a96042d3e84dd8601bd87724d88062ccba54d02f5d61f40b077a
434,58,c201_receta_lags_14000_s749401.csv,/Users/agustina/Documents/segundo-cuatrimestre/competencia-1/experimentos/c201_receta_lags/envios_14000/c201_receta_lags_14000_s749401.csv,749401.0,14000,5ddadc9e2ae65c3a3af9022b43b0301c93be3cd8072ab03bbd490d60a517c811
435,58,c201_receta_lags_14000_s842203.csv,/Users/agustina/Documents/segundo-cuatrimestre/competencia-1/experimentos/c201_receta_lags/envios_14000/c201_receta_lags_14000_s842203.csv,842203.0,14000,a24e337bdc15d4c5dda9a6de06d7993f80fc4d99c4b5d33c404a70a8f4d67f49
436,58,c201_receta_lags_14000_s878049.csv,/Users/agustina/Documents/segundo-cuatrimestre/competencia-1/experimentos/c201_receta_lags/envios_14000/c201_receta_lags_14000_s878049.csv,878049.0,14000,e230759339cdf88a03cb86ed5ef34f57bffefeb52cef5f186f381a09b775ebc8
437,58,c201_receta_lags_14000_s904620.csv,/Users/agustina/Documents/segundo-cuatrimestre/competencia-1/experimentos/c201_receta_lags/envios_14000/c201_receta_lags_14000_s904620.csv,904620.0,14000,d7553ebce9f9213ef95263237e9a958a1c39e09885abded39cbc22f4c0e79c32
438,59,c211_lags_z701_10000_s261431.csv,/Users/agustina/Documents/segundo-cuatrimestre/competencia-1/experimentos/c211_lags_z701/envios_10000/c211_lags_z701_10000_s261431.csv,261431.0,10000,49ca6494e0b319569eb528b150c70fea3b5312ea50c98a4991568b9d9bb676e4
439,59,c211_lags_z701_10000_s269281.csv,/Users/agustina/Documents/segundo-cuatrimestre/competencia-1/experimentos/c211_lags_z701/envios_10000/c211_lags_z701_10000_s269281.csv,269281.0,10000,1a65e4171e54c11593c00359617fba4b0ef7a69bd5507d63749d6b2a6a275717
440,59,c211_lags_z701_10000_s429899.csv,/Users/agustina/Documents/segundo-cuatrimestre/competencia-1/experimentos/c211_lags_z701/envios_10000/c211_lags_z701_10000_s429899.csv,429899.0,10000,cc58399dfc03c75e4ca7c56991abe81f5621edda49d0d6310d3fb50cee3135cf
441,59,c211_lags_z701_10000_s560771.csv,/Users/agustina/Documents/segundo-cuatrimestre/competencia-1/experimentos/c211_lags_z701/envios_10000/c211_lags_z701_10000_s560771.csv,560771.0,10000,6059e347d00f63dfb9ba46dea9435cc1e1183b1331f7e2c30509a529b15b18b0
442,59,c211_lags_z701_10000_s749401.csv,/Users/agustina/Documents/segundo-cuatrimestre/competencia-1/experimentos/c211_lags_z701/envios_10000/c211_lags_z701_10000_s749401.csv,749401.0,10000,959e6441fb4c8d101d8488b2dcf3b9d84e469ce23dfe822622ddd1caeef7d251
443,60,c212_base_receta_10000_s261431.csv,/Users/agustina/Documents/segundo-cuatrimestre/competencia-1/experimentos/c212_base_receta/envios_10000/c212_base_receta_10000_s261431.csv,261431.0,10000,8b16a7dd0a39c7bf5b66a10c7db6cc2ae7422e849af2436e8a315b4acbcf6316
444,60,c212_base_receta_10000_s269281.csv,/Users/agustina/Documents/segundo-cuatrimestre/competencia-1/experimentos/c212_base_receta/envios_10000/c212_base_receta_10000_s269281.csv,269281.0,10000,7363e2491f5f98d7bfce100addcb8581c2742a663d30c5b382d8db3e30466009
445,60,c212_base_receta_10000_s429899.csv,/Users/agustina/Documents/segundo-cuatrimestre/competencia-1/experimentos/c212_base_receta/envios_10000/c212_base_receta_10000_s429899.csv,429899.0,10000,d84c6b78347ec5113da6a04e78baeedbb6fc1bbc26b584f337bcdb4a3806af0d
446,60,c212_base_receta_10000_s560771.csv,/Users/agustina/Documents/segundo-cuatrimestre/competencia-1/experimentos/c212_base_receta/envios_10000/c212_base_receta_10000_s560771.csv,560771.0,10000,ad2baf0724c74e770fe4ac5ea7660dc1791b077b9c6171a3a2ea00201149ee2a
447,60,c212_base_receta_10000_s749401.csv,/Users/agustina/Documents/segundo-cuatrimestre/competencia-1/experimentos/c212_base_receta/envios_10000/c212_base_receta_10000_s749401.csv,749401.0,10000,9b0ffd31385c26a537752afe0abf85563d650502e10952d6d234282c17b80f6a
448,61,c213_lags_baja2_14000_s261431.csv,/Users/agustina/Documents/segundo-cuatrimestre/competencia-1/experimentos/c213_lags_baja2/envios_14000/c213_lags_baja2_14000_s261431.csv,261431.0,14000,1efe9034ac7d1aebe502024b88f99e049e46f0e3bf05ad33eca42733e2727d9a
449,61,c213_lags_baja2_14000_s269281.csv,/Users/agustina/Documents/segundo-cuatrimestre/competencia-1/experimentos/c213_lags_baja2/envios_14000/c213_lags_baja2_14000_s269281.csv,269281.0,14000,97c9578d0b37f40ece78917b655bc6da9923744f02cb0ee403bece0962f7e1d9
450,61,c213_lags_baja2_14000_s429899.csv,/Users/agustina/Documents/segundo-cuatrimestre/competencia-1/experimentos/c213_lags_baja2/envios_14000/c213_lags_baja2_14000_s429899.csv,429899.0,14000,0fc820a3caf2b2e7b23faaa408b2ce4d44d4c69adeb9a973f94df0d5b8ed0df7
451,61,c213_lags_baja2_14000_s560771.csv,/Users/agustina/Documents/segundo-cuatrimestre/competencia-1/experimentos/c213_lags_baja2/envios_14000/c213_lags_baja2_14000_s560771.csv,560771.0,14000,54c5f8afbb3f73a1fd53b460594f0b3ad54f70cc29a3241b8c63ce8f6bda0a9d
452,61,c213_lags_baja2_14000_s749401.csv,/Users/agustina/Documents/segundo-cuatrimestre/competencia-1/experimentos/c213_lags_baja2/envios_14000/c213_lags_baja2_14000_s749401.csv,749401.0,14000,fb56a01da7384fda70ea03b69331ae82c28d486120ec47e160588b5b78d274a7
453,62,c214_lags_sin03_14000_s261431.csv,/Users/agustina/Documents/segundo-cuatrimestre/competencia-1/experimentos/c214_lags_sin03/envios_14000/c214_lags_sin03_14000_s261431.csv,261431.0,14000,c4c5eeaf1a9043163987cb16f1e902b538392d906a3184dec4c92cb4336a9203
454,62,c214_lags_sin03_14000_s269281.csv,/Users/agustina/Documents/segundo-cuatrimestre/competencia-1/experimentos/c214_lags_sin03/envios_14000/c214_lags_sin03_14000_s269281.csv,269281.0,14000,ae983f1a7daa74a34c01efd600d997ceb145fa042a86b93965f7b645fa8d0510
455,62,c214_lags_sin03_14000_s429899.csv,/Users/agustina/Documents/segundo-cuatrimestre/competencia-1/experimentos/c214_lags_sin03/envios_14000/c214_lags_sin03_14000_s429899.csv,429899.0,14000,67bf27d1e0fc3789e2fc3bcb44897192cd49d6be72691fd2e5753d1508d31ade
456,62,c214_lags_sin03_14000_s560771.csv,/Users/agustina/Documents/segundo-cuatrimestre/competencia-1/experimentos/c214_lags_sin03/envios_14000/c214_lags_sin03_14000_s560771.csv,560771.0,14000,4dae216eac540af2af773997d7a084734e7ebc030bf3e9d2a6a624c56d0be001
457,62,c214_lags_sin03_14000_s749401.csv,/Users/agustina/Documents/segundo-cuatrimestre/competencia-1/experimentos/c214_lags_sin03/envios_14000/c214_lags_sin03_14000_s749401.csv,749401.0,14000,eda47da735f4162a02423527c56ce9650ddd46566ee29a92833b356e810785be
458,63,c215_lagsrank_14000_s261431.csv,/Users/agustina/Documents/segundo-cuatrimestre/competencia-1/experimentos/c215_lagsrank/envios_14000/c215_lagsrank_14000_s261431.csv,261431.0,14000,eb92e80800fdadf4281c6ebd570db2041e88a6057edbcb3df12dbdf0110d329f
459,63,c215_lagsrank_14000_s269281.csv,/Users/agustina/Documents/segundo-cuatrimestre/competencia-1/experimentos/c215_lagsrank/envios_14000/c215_lagsrank_14000_s269281.csv,269281.0,14000,71bdf2d24cdcfd8b75a2afce6db44569fd94b9992309f886cf9a5a036ffe86f4
460,63,c215_lagsrank_14000_s429899.csv,/Users/agustina/Documents/segundo-cuatrimestre/competencia-1/experimentos/c215_lagsrank/envios_14000/c215_lagsrank_14000_s429899.csv,429899.0,14000,b8f620a1b0d390fbeefba5b1b77e4f818e8bd62724d6c1f460b48019444c0df0
461,63,c215_lagsrank_14000_s560771.csv,/Users/agustina/Documents/segundo-cuatrimestre/competencia-1/experimentos/c215_lagsrank/envios_14000/c215_lagsrank_14000_s560771.csv,560771.0,14000,b51ae1248d092c2c36ae8865f4cd5dd3d5d59c4a1cfdf64b38af495e85353cae
462,63,c215_lagsrank_14000_s749401.csv,/Users/agustina/Documents/segundo-cuatrimestre/competencia-1/experimentos/c215_lagsrank/envios_14000/c215_lagsrank_14000_s749401.csv,749401.0,14000,454de1d4abc7337de5f13b2f5c3ac7381f6335b3f77f158af9b0d2fa5391ee51
463,64,c201_receta_lags_14000_ens.csv,/Users/agustina/Documents/segundo-cuatrimestre/competencia-1/experimentos/c201_receta_lags/envios_14000/c201_receta_lags_14000_ens.csv,,14000,5157ac244673de5f50a4531373b4164fd58d5d9905edc5fd7f99e0bfe64b4ae9
464,65,c221_ensamble_14000_t13.csv,/Users/agustina/Documents/segundo-cuatrimestre/competencia-1/experimentos/c221_ensamble/envios_14000/c221_ensamble_14000_t13.csv,,14000,c628331bb8988ff25f1a97cb340666815bed90c56cc868e49bc88e936d7b2718
465,65,c221_ensamble_14000_t14.csv,/Users/agustina/Documents/segundo-cuatrimestre/competencia-1/experimentos/c221_ensamble/envios_14000/c221_ensamble_14000_t14.csv,,14000,ad6ca7e18e4504ed0bd50ed9b5fe34f35a5659abf6fd384cf42d607ee085de3d
466,65,c221_ensamble_14000_t16.csv,/Users/agustina/Documents/segundo-cuatrimestre/competencia-1/experimentos/c221_ensamble/envios_14000/c221_ensamble_14000_t16.csv,,14000,caeaf546e78b5d61149a7a7e585f25b63056a6f7bdf41737a8aa39710705a558
467,65,c221_ensamble_14000_t18.csv,/Users/agustina/Documents/segundo-cuatrimestre/competencia-1/experimentos/c221_ensamble/envios_14000/c221_ensamble_14000_t18.csv,,14000,c6b98e3afcf3e363550a988cd26fe92b1a27909850248f9872491759483f11e5
468,65,c221_ensamble_14000_t19.csv,/Users/agustina/Documents/segundo-cuatrimestre/competencia-1/experimentos/c221_ensamble/envios_14000/c221_ensamble_14000_t19.csv,,14000,b6f453617dedc94a5ae27682b17efe3cd854a1c18de45079a90edcaf3674f612
469,66,c221_ensamble_14000_hetero_todo.csv,/Users/agustina/Documents/segundo-cuatrimestre/competencia-1/experimentos/c221_ensamble/envios_14000/c221_ensamble_14000_hetero_todo.csv,,14000,3dc7b9eb1381a4ff592b366a8d0811d8d759d117b93b832ed9f20bc3ab68043a
470,67,c231_rep_14000_s261431.csv,/Users/agustina/Documents/segundo-cuatrimestre/competencia-1/experimentos/c231_rep/envios_14000/c231_rep_14000_s261431.csv,261431.0,14000,42e051f6180a81fb133a50b62c45a9545e39df992d6d31a205c4839528878bac
471,67,c231_rep_14000_s269281.csv,/Users/agustina/Documents/segundo-cuatrimestre/competencia-1/experimentos/c231_rep/envios_14000/c231_rep_14000_s269281.csv,269281.0,14000,fdea1e47d91cc869ec759665f5fe7d7f147fd0afd8ad63d6731a0f18606acdff
472,67,c231_rep_14000_s429899.csv,/Users/agustina/Documents/segundo-cuatrimestre/competencia-1/experimentos/c231_rep/envios_14000/c231_rep_14000_s429899.csv,429899.0,14000,692b21a41a578ef8c1fdc34bf17338f11ad6527d3607509b83cb27b389152174
473,67,c231_rep_14000_s560771.csv,/Users/agustina/Documents/segundo-cuatrimestre/competencia-1/experimentos/c231_rep/envios_14000/c231_rep_14000_s560771.csv,560771.0,14000,f9ca7c188a85bbbb90c770913f3cf2fa279c17a1e27f2c5135b7847551afb212
474,67,c231_rep_14000_s749401.csv,/Users/agustina/Documents/segundo-cuatrimestre/competencia-1/experimentos/c231_rep/envios_14000/c231_rep_14000_s749401.csv,749401.0,14000,9ac3c6aab6fe7bc7b49ef332a8c6ea46859502bec6747388ba42449bde032e83
475,68,c240_pu2500_14000_s261431.csv,/Users/agustina/Documents/segundo-cuatrimestre/competencia-1/experimentos/c240_pu/envios_14000/c240_pu2500_14000_s261431.csv,261431.0,14000,e89603e2fb1eac0dcba9f2786c440c1e7dcd8281194f3bace695a46672288d16
476,68,c240_pu2500_14000_s269281.csv,/Users/agustina/Documents/segundo-cuatrimestre/competencia-1/experimentos/c240_pu/envios_14000/c240_pu2500_14000_s269281.csv,269281.0,14000,17fb4bc18703f8ce34edde6debaaa4e0490ba8f952a1f342d169a44dae22cb7d
477,68,c240_pu2500_14000_s429899.csv,/Users/agustina/Documents/segundo-cuatrimestre/competencia-1/experimentos/c240_pu/envios_14000/c240_pu2500_14000_s429899.csv,429899.0,14000,ea850ee729272175712ef3be18f30c7690045f6ef7a8fe0f81f4a6967d66318a
478,68,c240_pu2500_14000_s560771.csv,/Users/agustina/Documents/segundo-cuatrimestre/competencia-1/experimentos/c240_pu/envios_14000/c240_pu2500_14000_s560771.csv,560771.0,14000,22a37e8bc7c58e3c0f5fe3fa1b1de3b371d9d65c86c1d534c1ba862221761a6a
479,68,c240_pu2500_14000_s749401.csv,/Users/agustina/Documents/segundo-cuatrimestre/competencia-1/experimentos/c240_pu/envios_14000/c240_pu2500_14000_s749401.csv,749401.0,14000,d904e5f0aa44de8d1e60b3940bd483db8cd0f9dbfeb53f57209615e4e53c489d
480,69,c241_rondas2000_14000_s261431.csv,/Users/agustina/Documents/segundo-cuatrimestre/competencia-1/experimentos/c241_rondas2000/envios_14000/c241_rondas2000_14000_s261431.csv,261431.0,14000,eca8fe49a0fa698a3ec77eb936b432352bc227d3814293ef129b490cf36a2769
481,69,c241_rondas2000_14000_s269281.csv,/Users/agustina/Documents/segundo-cuatrimestre/competencia-1/experimentos/c241_rondas2000/envios_14000/c241_rondas2000_14000_s269281.csv,269281.0,14000,944f50d155cae47e0fd36a94746c09de729f07cfce6dc9888cf1ea6ea1040932
482,69,c241_rondas2000_14000_s429899.csv,/Users/agustina/Documents/segundo-cuatrimestre/competencia-1/experimentos/c241_rondas2000/envios_14000/c241_rondas2000_14000_s429899.csv,429899.0,14000,5878fd3d0d6780bdc763055471fdb55502906d06f249f0169642e9a459832210
483,69,c241_rondas2000_14000_s560771.csv,/Users/agustina/Documents/segundo-cuatrimestre/competencia-1/experimentos/c241_rondas2000/envios_14000/c241_rondas2000_14000_s560771.csv,560771.0,14000,9cc0131773488d1f65113656af3277c664d72e043c4c9383ecc1608aa25e24a5
484,69,c241_rondas2000_14000_s749401.csv,/Users/agustina/Documents/segundo-cuatrimestre/competencia-1/experimentos/c241_rondas2000/envios_14000/c241_rondas2000_14000_s749401.csv,749401.0,14000,3ebe0a46c7a188698d49b4bafeaccbbc551ea20377dc62a19c3913e0f0a59056
485,70,c242_peso05_14000_s261431.csv,/Users/agustina/Documents/segundo-cuatrimestre/competencia-1/experimentos/c242_peso05/envios_14000/c242_peso05_14000_s261431.csv,261431.0,14000,61196cb8512cd2c4d5cc7a6cfdc0b39ca4e8b2c973d1eab68aa144d0a9930718
486,70,c242_peso05_14000_s269281.csv,/Users/agustina/Documents/segundo-cuatrimestre/competencia-1/experimentos/c242_peso05/envios_14000/c242_peso05_14000_s269281.csv,269281.0,14000,9ca334eeefa9a6d405e83569c8888cee2598edac83736f85ff7859bf8ff59dba
487,70,c242_peso05_14000_s429899.csv,/Users/agustina/Documents/segundo-cuatrimestre/competencia-1/experimentos/c242_peso05/envios_14000/c242_peso05_14000_s429899.csv,429899.0,14000,ab22028c51478bc349c9994f4cf28898368b0a7f0476cf9d52b90d8c5013d6a6
488,70,c242_peso05_14000_s560771.csv,/Users/agustina/Documents/segundo-cuatrimestre/competencia-1/experimentos/c242_peso05/envios_14000/c242_peso05_14000_s560771.csv,560771.0,14000,68ab0ffd1f8a8a0aff2f982a0e9f6a7a83bbc6957b1d8e2ef36c2b5c36f81d5e
489,70,c242_peso05_14000_s749401.csv,/Users/agustina/Documents/segundo-cuatrimestre/competencia-1/experimentos/c242_peso05/envios_14000/c242_peso05_14000_s749401.csv,749401.0,14000,872dac511cbfd35b47c9907feab577c96756514e240bdafd4252317824fd2a81
490,71,c243_baja12_14000_s261431.csv,/Users/agustina/Documents/segundo-cuatrimestre/competencia-1/experimentos/c243_baja12/envios_14000/c243_baja12_14000_s261431.csv,261431.0,14000,204e18eed507f19455e383d2cb60fd7317822fc63cf2db5a00bb598d9e93c08d
491,71,c243_baja12_14000_s269281.csv,/Users/agustina/Documents/segundo-cuatrimestre/competencia-1/experimentos/c243_baja12/envios_14000/c243_baja12_14000_s269281.csv,269281.0,14000,57f094d2df445aac708fcdaad98f05a29f04c766e9481e7e53797ee1c271286a
492,71,c243_baja12_14000_s429899.csv,/Users/agustina/Documents/segundo-cuatrimestre/competencia-1/experimentos/c243_baja12/envios_14000/c243_baja12_14000_s429899.csv,429899.0,14000,88d4d2c79256ab61f815927cf21a3030d2294cf1614f88dbfd259f61a0d067ed
493,71,c243_baja12_14000_s560771.csv,/Users/agustina/Documents/segundo-cuatrimestre/competencia-1/experimentos/c243_baja12/envios_14000/c243_baja12_14000_s560771.csv,560771.0,14000,dd03943ea071e93625810b4b9e6a52cbb8278e484d98e2bf17b4dd90d2edfd7b
494,71,c243_baja12_14000_s749401.csv,/Users/agustina/Documents/segundo-cuatrimestre/competencia-1/experimentos/c243_baja12/envios_14000/c243_baja12_14000_s749401.csv,749401.0,14000,fca6055fe7372d1f0866b19af557451a0421ee2ce7efce20f78e9be6405359df
495,72,c245_ens_buenos_14000.csv,/Users/agustina/Documents/segundo-cuatrimestre/competencia-1/experimentos/c245_ens_buenos/envios_14000/c245_ens_buenos_14000.csv,,14000,71aee2c56bd37b229d27416c4cdda2a72481ed6b0fe303e507e458216d247a52
496,73,c244_rondas3000_14000_s261431.csv,/Users/agustina/Documents/segundo-cuatrimestre/competencia-1/experimentos/c244_rondas3000/envios_14000/c244_rondas3000_14000_s261431.csv,261431.0,14000,eca8fe49a0fa698a3ec77eb936b432352bc227d3814293ef129b490cf36a2769
497,73,c244_rondas3000_14000_s269281.csv,/Users/agustina/Documents/segundo-cuatrimestre/competencia-1/experimentos/c244_rondas3000/envios_14000/c244_rondas3000_14000_s269281.csv,269281.0,14000,944f50d155cae47e0fd36a94746c09de729f07cfce6dc9888cf1ea6ea1040932
498,73,c244_rondas3000_14000_s429899.csv,/Users/agustina/Documents/segundo-cuatrimestre/competencia-1/experimentos/c244_rondas3000/envios_14000/c244_rondas3000_14000_s429899.csv,429899.0,14000,5878fd3d0d6780bdc763055471fdb55502906d06f249f0169642e9a459832210
499,73,c244_rondas3000_14000_s560771.csv,/Users/agustina/Documents/segundo-cuatrimestre/competencia-1/experimentos/c244_rondas3000/envios_14000/c244_rondas3000_14000_s560771.csv,560771.0,14000,9cc0131773488d1f65113656af3277c664d72e043c4c9383ecc1608aa25e24a5
500,73,c244_rondas3000_14000_s749401.csv,/Users/agustina/Documents/segundo-cuatrimestre/competencia-1/experimentos/c244_rondas3000/envios_14000/c244_rondas3000_14000_s749401.csv,749401.0,14000,3ebe0a46c7a188698d49b4bafeaccbbc551ea20377dc62a19c3913e0f0a59056
501,74,c241_rondas2000_14000_ens20.csv,/Users/agustina/Documents/segundo-cuatrimestre/competencia-1/experimentos/c241_rondas2000/envios_14000/c241_rondas2000_14000_ens20.csv,,14000,657d747addc61efad64145ec9cef550c29c50c5ce283745f176d243270bb9d2e
502,75,c241_rondas2000_14000_s127531.csv,/Users/agustina/Documents/segundo-cuatrimestre/competencia-1/experimentos/c241_rondas2000/envios_14000/c241_rondas2000_14000_s127531.csv,127531.0,14000,f388e5e8d0cfe1c01aea260326f145cdfb1e8a7528ce236a3cb3275ea884dbdd
503,75,c241_rondas2000_14000_s184378.csv,/Users/agustina/Documents/segundo-cuatrimestre/competencia-1/experimentos/c241_rondas2000/envios_14000/c241_rondas2000_14000_s184378.csv,184378.0,14000,8e1cc1347a88714455cbd1e2709b8756e2a73e02398fe1347667f23f77bfc59f
504,75,c241_rondas2000_14000_s209582.csv,/Users/agustina/Documents/segundo-cuatrimestre/competencia-1/experimentos/c241_rondas2000/envios_14000/c241_rondas2000_14000_s209582.csv,209582.0,14000,b71645526c0b11e19f0634678c4928a60e37b40b8c5e3351de7c017f7db4ab74
505,75,c241_rondas2000_14000_s249236.csv,/Users/agustina/Documents/segundo-cuatrimestre/competencia-1/experimentos/c241_rondas2000/envios_14000/c241_rondas2000_14000_s249236.csv,249236.0,14000,00ed9800a61f8475aad75a9042b23a25d6a6422257eb5ae62dde6087bd9e7314
506,75,c241_rondas2000_14000_s253684.csv,/Users/agustina/Documents/segundo-cuatrimestre/competencia-1/experimentos/c241_rondas2000/envios_14000/c241_rondas2000_14000_s253684.csv,253684.0,14000,51fc55d1d60ad0b635a756a991bb01da95ab81760d2a1f0939e67d992c3efe10
507,75,c241_rondas2000_14000_s261431.csv,/Users/agustina/Documents/segundo-cuatrimestre/competencia-1/experimentos/c241_rondas2000/envios_14000/c241_rondas2000_14000_s261431.csv,261431.0,14000,eca8fe49a0fa698a3ec77eb936b432352bc227d3814293ef129b490cf36a2769
508,75,c241_rondas2000_14000_s269281.csv,/Users/agustina/Documents/segundo-cuatrimestre/competencia-1/experimentos/c241_rondas2000/envios_14000/c241_rondas2000_14000_s269281.csv,269281.0,14000,944f50d155cae47e0fd36a94746c09de729f07cfce6dc9888cf1ea6ea1040932
509,75,c241_rondas2000_14000_s329840.csv,/Users/agustina/Documents/segundo-cuatrimestre/competencia-1/experimentos/c241_rondas2000/envios_14000/c241_rondas2000_14000_s329840.csv,329840.0,14000,f017ce42e265fc6e79e9e0bbc61f3f8f019193b61e9de6700a07b3fa6195121f
510,75,c241_rondas2000_14000_s358170.csv,/Users/agustina/Documents/segundo-cuatrimestre/competencia-1/experimentos/c241_rondas2000/envios_14000/c241_rondas2000_14000_s358170.csv,358170.0,14000,6456282026cc446a1010ffc877a26a9250d3ecb3fc4486758afda4d4595a3d64
511,75,c241_rondas2000_14000_s429899.csv,/Users/agustina/Documents/segundo-cuatrimestre/competencia-1/experimentos/c241_rondas2000/envios_14000/c241_rondas2000_14000_s429899.csv,429899.0,14000,5878fd3d0d6780bdc763055471fdb55502906d06f249f0169642e9a459832210
512,75,c241_rondas2000_14000_s49886.csv,/Users/agustina/Documents/segundo-cuatrimestre/competencia-1/experimentos/c241_rondas2000/envios_14000/c241_rondas2000_14000_s49886.csv,49886.0,14000,a9528661a71ee45f277cb75ed3e020099ce511b1f84dc68e8af4fda448376ba2
513,75,c241_rondas2000_14000_s560771.csv,/Users/agustina/Documents/segundo-cuatrimestre/competencia-1/experimentos/c241_rondas2000/envios_14000/c241_rondas2000_14000_s560771.csv,560771.0,14000,9cc0131773488d1f65113656af3277c664d72e043c4c9383ecc1608aa25e24a5
514,75,c241_rondas2000_14000_s572096.csv,/Users/agustina/Documents/segundo-cuatrimestre/competencia-1/experimentos/c241_rondas2000/envios_14000/c241_rondas2000_14000_s572096.csv,572096.0,14000,6c261c858bd3e1eecdfea8ca218d7bb5efba1a753917d826be621b5a2855a77a
515,75,c241_rondas2000_14000_s583252.csv,/Users/agustina/Documents/segundo-cuatrimestre/competencia-1/experimentos/c241_rondas2000/envios_14000/c241_rondas2000_14000_s583252.csv,583252.0,14000,01231f49c713d6eb10272b0e5612e050973f7dca0a7e06720aa2718055864da6
516,75,c241_rondas2000_14000_s678107.csv,/Users/agustina/Documents/segundo-cuatrimestre/competencia-1/experimentos/c241_rondas2000/envios_14000/c241_rondas2000_14000_s678107.csv,678107.0,14000,ecbeae787367694454fe6473b1099e2867c6aca14e80e4827db37543b17e906c
517,75,c241_rondas2000_14000_s72635.csv,/Users/agustina/Documents/segundo-cuatrimestre/competencia-1/experimentos/c241_rondas2000/envios_14000/c241_rondas2000_14000_s72635.csv,72635.0,14000,1962e0ec856ac237c357e4fc9265e8fe4422955f09831688464930800a0333f3
518,75,c241_rondas2000_14000_s749401.csv,/Users/agustina/Documents/segundo-cuatrimestre/competencia-1/experimentos/c241_rondas2000/envios_14000/c241_rondas2000_14000_s749401.csv,749401.0,14000,3ebe0a46c7a188698d49b4bafeaccbbc551ea20377dc62a19c3913e0f0a59056
519,75,c241_rondas2000_14000_s842203.csv,/Users/agustina/Documents/segundo-cuatrimestre/competencia-1/experimentos/c241_rondas2000/envios_14000/c241_rondas2000_14000_s842203.csv,842203.0,14000,2c8ec5c91b25d123d73a18cf98881584bf8b377646aeb74b85a294003dcc479b
520,75,c241_rondas2000_14000_s878049.csv,/Users/agustina/Documents/segundo-cuatrimestre/competencia-1/experimentos/c241_rondas2000/envios_14000/c241_rondas2000_14000_s878049.csv,878049.0,14000,93aa237b499ddc3b989c9f783766b997e622e86ba084304f2db9464184bd9b4e
521,75,c241_rondas2000_14000_s904620.csv,/Users/agustina/Documents/segundo-cuatrimestre/competencia-1/experimentos/c241_rondas2000/envios_14000/c241_rondas2000_14000_s904620.csv,904620.0,14000,bc90df8339b0036d574f9c0e60d8be3f3add1ab3b381ba687598af2b210f4b6c
522,76,c246_rondas3000_14000_s261431.csv,/Users/agustina/Documents/segundo-cuatrimestre/competencia-1/experimentos/c246_rondas3000/envios_14000/c246_rondas3000_14000_s261431.csv,261431.0,14000,38d2c6f87727036ddff443a0c9274ad1a39990bff0efec8ecdfbdc7ed3d65a3c
523,76,c246_rondas3000_14000_s269281.csv,/Users/agustina/Documents/segundo-cuatrimestre/competencia-1/experimentos/c246_rondas3000/envios_14000/c246_rondas3000_14000_s269281.csv,269281.0,14000,2921f2b6262918d9b9a89e80f932c8c0767f80323c52754e09ed2c5e184ae717
524,76,c246_rondas3000_14000_s429899.csv,/Users/agustina/Documents/segundo-cuatrimestre/competencia-1/experimentos/c246_rondas3000/envios_14000/c246_rondas3000_14000_s429899.csv,429899.0,14000,369485e78b168be069796b66789b59e5785e08d4d20104fe385f5efec10e49ab
525,76,c246_rondas3000_14000_s560771.csv,/Users/agustina/Documents/segundo-cuatrimestre/competencia-1/experimentos/c246_rondas3000/envios_14000/c246_rondas3000_14000_s560771.csv,560771.0,14000,ef24c1251130f8d1cadfc1cab6c90f07a22251ec78109edb7081a8600cf60d80
526,76,c246_rondas3000_14000_s749401.csv,/Users/agustina/Documents/segundo-cuatrimestre/competencia-1/experimentos/c246_rondas3000/envios_14000/c246_rondas3000_14000_s749401.csv,749401.0,14000,da1197ebabd94479a98c843171f5c08fa2b4ca21f99327173a25c709436c53da
527,77,c251_comdefl2000_14000_s261431.csv,/Users/agustina/Documents/segundo-cuatrimestre/competencia-1/experimentos/c251_comdefl2000/envios_14000/c251_comdefl2000_14000_s261431.csv,261431.0,14000,d33fb14c56e1eba3b87cdd7c54604aaf763c6ff939c949fc78be1b33cd4e8c2d
528,77,c251_comdefl2000_14000_s269281.csv,/Users/agustina/Documents/segundo-cuatrimestre/competencia-1/experimentos/c251_comdefl2000/envios_14000/c251_comdefl2000_14000_s269281.csv,269281.0,14000,68b8480a834ac4da32f52583c446d67c9c1c1dabea83ecc46042a57ea4da3552
529,77,c251_comdefl2000_14000_s429899.csv,/Users/agustina/Documents/segundo-cuatrimestre/competencia-1/experimentos/c251_comdefl2000/envios_14000/c251_comdefl2000_14000_s429899.csv,429899.0,14000,f301c4a5f4b5133a9af199a172013c64409545b63edc7f0ef52c15ef85c6bb83
530,77,c251_comdefl2000_14000_s560771.csv,/Users/agustina/Documents/segundo-cuatrimestre/competencia-1/experimentos/c251_comdefl2000/envios_14000/c251_comdefl2000_14000_s560771.csv,560771.0,14000,c5bce138007dc5ac5c6a986b192a1efed73f2e444429e64b0d1a0f6e87db0f7c
531,77,c251_comdefl2000_14000_s749401.csv,/Users/agustina/Documents/segundo-cuatrimestre/competencia-1/experimentos/c251_comdefl2000/envios_14000/c251_comdefl2000_14000_s749401.csv,749401.0,14000,4332d6c7aa11bba15c8813c12cc29dc4ffb53468ee60ec9c458615f27d41b270
532,78,c253_aguinaldo2000_14000_s261431.csv,/Users/agustina/Documents/segundo-cuatrimestre/competencia-1/experimentos/c253_aguinaldo2000/envios_14000/c253_aguinaldo2000_14000_s261431.csv,261431.0,14000,b7f6a02fed54e2599f18cbc6a702248a8b8eb0f119b642a5e13a5c6d9dbd727a
533,78,c253_aguinaldo2000_14000_s269281.csv,/Users/agustina/Documents/segundo-cuatrimestre/competencia-1/experimentos/c253_aguinaldo2000/envios_14000/c253_aguinaldo2000_14000_s269281.csv,269281.0,14000,2e6915e28a2d6e58e2227362acf0e5318933931a3ac5f9ce1063b45d19119400
534,78,c253_aguinaldo2000_14000_s429899.csv,/Users/agustina/Documents/segundo-cuatrimestre/competencia-1/experimentos/c253_aguinaldo2000/envios_14000/c253_aguinaldo2000_14000_s429899.csv,429899.0,14000,08b4e1cd092b848cecdc66edd00587c0c8e46ba8f5f20946109e83694d16a641
535,78,c253_aguinaldo2000_14000_s560771.csv,/Users/agustina/Documents/segundo-cuatrimestre/competencia-1/experimentos/c253_aguinaldo2000/envios_14000/c253_aguinaldo2000_14000_s560771.csv,560771.0,14000,707cb0ec1a29f56b422ae6f18194fa90c696a6314d2046d68f956742ca08eadb
536,78,c253_aguinaldo2000_14000_s749401.csv,/Users/agustina/Documents/segundo-cuatrimestre/competencia-1/experimentos/c253_aguinaldo2000/envios_14000/c253_aguinaldo2000_14000_s749401.csv,749401.0,14000,7ea668bcb0175205eb10c436285ea7e6065f4e5ee595fea498306087981be72c
537,79,c255_calendario2000_14000_s261431.csv,/Users/agustina/Documents/segundo-cuatrimestre/competencia-1/experimentos/c255_calendario2000/envios_14000/c255_calendario2000_14000_s261431.csv,261431.0,14000,32a9f9d763b22f85bcf8bea57bfa70d8b61e9ebae455c57b743c6063f3567773
538,79,c255_calendario2000_14000_s269281.csv,/Users/agustina/Documents/segundo-cuatrimestre/competencia-1/experimentos/c255_calendario2000/envios_14000/c255_calendario2000_14000_s269281.csv,269281.0,14000,14b5452711abcb9c6f139a38ba9193ca2730cccdb442bec47436eb26a4b32b12
539,79,c255_calendario2000_14000_s429899.csv,/Users/agustina/Documents/segundo-cuatrimestre/competencia-1/experimentos/c255_calendario2000/envios_14000/c255_calendario2000_14000_s429899.csv,429899.0,14000,5c32203e763703c3a20097b6b0205e28bd8a7c1a33c18e6f8bb2e2fe71714392
540,79,c255_calendario2000_14000_s560771.csv,/Users/agustina/Documents/segundo-cuatrimestre/competencia-1/experimentos/c255_calendario2000/envios_14000/c255_calendario2000_14000_s560771.csv,560771.0,14000,36719f2a9324adf6b2e09da4da9e6640d469ecf175f89579adf95348d2b999b7
541,79,c255_calendario2000_14000_s749401.csv,/Users/agustina/Documents/segundo-cuatrimestre/competencia-1/experimentos/c255_calendario2000/envios_14000/c255_calendario2000_14000_s749401.csv,749401.0,14000,3441d7562474dcc7b6804679136f9235544f20ffd9d038445c0a11a44b209270
542,80,c247_hess05_14000_s261431.csv,/Users/agustina/Documents/segundo-cuatrimestre/competencia-1/experimentos/c247_hess05/envios_14000/c247_hess05_14000_s261431.csv,261431.0,14000,49ba7c39ffd268e94a1aa415a77953004057aa1db0e67b80a1fad80fd4c81152
543,80,c247_hess05_14000_s269281.csv,/Users/agustina/Documents/segundo-cuatrimestre/competencia-1/experimentos/c247_hess05/envios_14000/c247_hess05_14000_s269281.csv,269281.0,14000,b75f0179e8673db45358ee8f18fbdd75149ba3a941dd247c5e30799baa2e9253
544,80,c247_hess05_14000_s429899.csv,/Users/agustina/Documents/segundo-cuatrimestre/competencia-1/experimentos/c247_hess05/envios_14000/c247_hess05_14000_s429899.csv,429899.0,14000,40b37ee40e9c5c492fb9d92e244687bbc1118ce3f83e645fff5ce3791947355c
545,80,c247_hess05_14000_s560771.csv,/Users/agustina/Documents/segundo-cuatrimestre/competencia-1/experimentos/c247_hess05/envios_14000/c247_hess05_14000_s560771.csv,560771.0,14000,10afcb1963fca5571da444c72939ab17f72d9588e0abd3941e8493939d1f34bb
546,80,c247_hess05_14000_s749401.csv,/Users/agustina/Documents/segundo-cuatrimestre/competencia-1/experimentos/c247_hess05/envios_14000/c247_hess05_14000_s749401.csv,749401.0,14000,804590b0bfbce47a96c209d3c9557ebde0c6a30ed976c87d0d1c5d51105a3692
547,81,c248_hess2_14000_s261431.csv,/Users/agustina/Documents/segundo-cuatrimestre/competencia-1/experimentos/c248_hess2/envios_14000/c248_hess2_14000_s261431.csv,261431.0,14000,bb431e39c53bce20669b5c57adb57ce67421800deb4783f19fcf161448db3c65
548,81,c248_hess2_14000_s269281.csv,/Users/agustina/Documents/segundo-cuatrimestre/competencia-1/experimentos/c248_hess2/envios_14000/c248_hess2_14000_s269281.csv,269281.0,14000,48f6aa566f900114c32ce32f8d179464ddcaa04097801b59c23619863487d8f9
549,81,c248_hess2_14000_s429899.csv,/Users/agustina/Documents/segundo-cuatrimestre/competencia-1/experimentos/c248_hess2/envios_14000/c248_hess2_14000_s429899.csv,429899.0,14000,4c9354b503b7a8eb07bfef4f25fdb3e77b97b0c652007afe15611269d3ea8df2
550,81,c248_hess2_14000_s560771.csv,/Users/agustina/Documents/segundo-cuatrimestre/competencia-1/experimentos/c248_hess2/envios_14000/c248_hess2_14000_s560771.csv,560771.0,14000,2b498c8d6f297b8a0d9fd69a634ded4f79d8b498c18f45e2a62d23f5e9cfc499
551,81,c248_hess2_14000_s749401.csv,/Users/agustina/Documents/segundo-cuatrimestre/competencia-1/experimentos/c248_hess2/envios_14000/c248_hess2_14000_s749401.csv,749401.0,14000,6fb54218941755f00a33166b997c99dffcd7e7a53c4dd83a1ab169854819857a
552,82,c249_hojas127_14000_s261431.csv,/Users/agustina/Documents/segundo-cuatrimestre/competencia-1/experimentos/c249_hojas127/envios_14000/c249_hojas127_14000_s261431.csv,261431.0,14000,6f46d96631458660390536336ca1dd6d8996e29ddc4656ff7589610fb5c02993
553,82,c249_hojas127_14000_s269281.csv,/Users/agustina/Documents/segundo-cuatrimestre/competencia-1/experimentos/c249_hojas127/envios_14000/c249_hojas127_14000_s269281.csv,269281.0,14000,650836b2136c3b266cab1f1aba3a5bbb5290d4159dc0536a7b92201a74c7e0ed
554,82,c249_hojas127_14000_s429899.csv,/Users/agustina/Documents/segundo-cuatrimestre/competencia-1/experimentos/c249_hojas127/envios_14000/c249_hojas127_14000_s429899.csv,429899.0,14000,697cce4f00db86863b7647d3dcfae4e4a3fa2ab122deac7cc59cee0634906355
555,82,c249_hojas127_14000_s560771.csv,/Users/agustina/Documents/segundo-cuatrimestre/competencia-1/experimentos/c249_hojas127/envios_14000/c249_hojas127_14000_s560771.csv,560771.0,14000,c28d6f2230070bf659fb2802a9d72f221c60b24e3063da7e477e696779855a91
556,82,c249_hojas127_14000_s749401.csv,/Users/agustina/Documents/segundo-cuatrimestre/competencia-1/experimentos/c249_hojas127/envios_14000/c249_hojas127_14000_s749401.csv,749401.0,14000,026fab6a0413b2c8c3de26c846f3e749a2aa42579b5e19fe6c4bc8e4f34a637f
557,83,c241_rondas2000_13000_s127531.csv,/Users/agustina/Documents/segundo-cuatrimestre/competencia-1/experimentos/c241_rondas2000/envios_13000/c241_rondas2000_13000_s127531.csv,127531.0,13000,a395568a5913e4051b26edeaa066242386547b04ae757a1123bb04e6b5d861b5
558,83,c241_rondas2000_13000_s184378.csv,/Users/agustina/Documents/segundo-cuatrimestre/competencia-1/experimentos/c241_rondas2000/envios_13000/c241_rondas2000_13000_s184378.csv,184378.0,13000,374f9ef9b5a6981532b165737fb0a0dceac64fa655de789763385597deb51ee4
559,83,c241_rondas2000_13000_s209582.csv,/Users/agustina/Documents/segundo-cuatrimestre/competencia-1/experimentos/c241_rondas2000/envios_13000/c241_rondas2000_13000_s209582.csv,209582.0,13000,4d9bdcd837f4aebee61b90ccd7c16887a2f8769ab37c8084a958ff2468c9cd56
560,83,c241_rondas2000_13000_s249236.csv,/Users/agustina/Documents/segundo-cuatrimestre/competencia-1/experimentos/c241_rondas2000/envios_13000/c241_rondas2000_13000_s249236.csv,249236.0,13000,0c04966f9c1129fc066854608bad1a28fc125b8c4bb81a78d0de84af481f9ff0
561,83,c241_rondas2000_13000_s253684.csv,/Users/agustina/Documents/segundo-cuatrimestre/competencia-1/experimentos/c241_rondas2000/envios_13000/c241_rondas2000_13000_s253684.csv,253684.0,13000,efea21e8809e9c11e2bd658e36fccabe9d8f8fd32bda0df54f4ee242aecd6e85
562,83,c241_rondas2000_13000_s261431.csv,/Users/agustina/Documents/segundo-cuatrimestre/competencia-1/experimentos/c241_rondas2000/envios_13000/c241_rondas2000_13000_s261431.csv,261431.0,13000,f4da3e82f064251a1201461cc162f57e2eb1a36cc83b3107a60efd1a83c1a486
563,83,c241_rondas2000_13000_s269281.csv,/Users/agustina/Documents/segundo-cuatrimestre/competencia-1/experimentos/c241_rondas2000/envios_13000/c241_rondas2000_13000_s269281.csv,269281.0,13000,69b79fab75c2620126d747dd6d05d42b4f189c9531cc99939d16c2bcd45734c0
564,83,c241_rondas2000_13000_s329840.csv,/Users/agustina/Documents/segundo-cuatrimestre/competencia-1/experimentos/c241_rondas2000/envios_13000/c241_rondas2000_13000_s329840.csv,329840.0,13000,f6b7a1d98fb849575972e726237ee6574539cc09ae809d7773002d83f1ad31af
565,83,c241_rondas2000_13000_s358170.csv,/Users/agustina/Documents/segundo-cuatrimestre/competencia-1/experimentos/c241_rondas2000/envios_13000/c241_rondas2000_13000_s358170.csv,358170.0,13000,fd0e3a5edfb82bee825fc55065f77f265013f484ae5b7cd89d8cf9ae49712460
566,83,c241_rondas2000_13000_s429899.csv,/Users/agustina/Documents/segundo-cuatrimestre/competencia-1/experimentos/c241_rondas2000/envios_13000/c241_rondas2000_13000_s429899.csv,429899.0,13000,0a571ba812b44cd6168f3a113fc9396e5e8ceb4efa63057008b79d032a0eac3a
567,83,c241_rondas2000_13000_s49886.csv,/Users/agustina/Documents/segundo-cuatrimestre/competencia-1/experimentos/c241_rondas2000/envios_13000/c241_rondas2000_13000_s49886.csv,49886.0,13000,646aa3790fd5383316841036ec3df595101924df9123edead77bb250cec44d34
568,83,c241_rondas2000_13000_s560771.csv,/Users/agustina/Documents/segundo-cuatrimestre/competencia-1/experimentos/c241_rondas2000/envios_13000/c241_rondas2000_13000_s560771.csv,560771.0,13000,0c57dd6d3544d4051a106d93c1297c24a307b8e3bdb8ea88622df6908bbed694
569,83,c241_rondas2000_13000_s572096.csv,/Users/agustina/Documents/segundo-cuatrimestre/competencia-1/experimentos/c241_rondas2000/envios_13000/c241_rondas2000_13000_s572096.csv,572096.0,13000,53b661987463bc252ef5e405acebe2a44a9f7e4f8730bbb4fe9853cd5411e9a2
570,83,c241_rondas2000_13000_s583252.csv,/Users/agustina/Documents/segundo-cuatrimestre/competencia-1/experimentos/c241_rondas2000/envios_13000/c241_rondas2000_13000_s583252.csv,583252.0,13000,5656f38f702226aa0d5f3dea9af5073aa98a5fb4fec6fc6e9201aef4f41e1c88
571,83,c241_rondas2000_13000_s678107.csv,/Users/agustina/Documents/segundo-cuatrimestre/competencia-1/experimentos/c241_rondas2000/envios_13000/c241_rondas2000_13000_s678107.csv,678107.0,13000,66b93e8acf9fafc0bdfcd6dda16e5d291ae0552da2e3570043c39702ec5be5cd
572,83,c241_rondas2000_13000_s72635.csv,/Users/agustina/Documents/segundo-cuatrimestre/competencia-1/experimentos/c241_rondas2000/envios_13000/c241_rondas2000_13000_s72635.csv,72635.0,13000,cda106883528d502ec3ee3cae3d76081b07867b43a0a189449b4167cd3b673e8
573,83,c241_rondas2000_13000_s749401.csv,/Users/agustina/Documents/segundo-cuatrimestre/competencia-1/experimentos/c241_rondas2000/envios_13000/c241_rondas2000_13000_s749401.csv,749401.0,13000,7797e48b316e4cf508764a5bdfa351fe92715907731ed87b1e2639297669edde
574,83,c241_rondas2000_13000_s842203.csv,/Users/agustina/Documents/segundo-cuatrimestre/competencia-1/experimentos/c241_rondas2000/envios_13000/c241_rondas2000_13000_s842203.csv,842203.0,13000,b37e81bb6047d234af52a06cf16d797b5b5b9e4797f0542e7081aa651ebe19ad
575,83,c241_rondas2000_13000_s878049.csv,/Users/agustina/Documents/segundo-cuatrimestre/competencia-1/experimentos/c241_rondas2000/envios_13000/c241_rondas2000_13000_s878049.csv,878049.0,13000,efa10ccff21f017a1cdf200c90f216667492ab258e957195ee696fbb95d68d93
576,83,c241_rondas2000_13000_s904620.csv,/Users/agustina/Documents/segundo-cuatrimestre/competencia-1/experimentos/c241_rondas2000/envios_13000/c241_rondas2000_13000_s904620.csv,904620.0,13000,6479c9c2f1a05295d96c90a0215b6265d4ad38d1a41477943d375e8a111a3b18
577,84,c241_rondas2000_15000_s127531.csv,/Users/agustina/Documents/segundo-cuatrimestre/competencia-1/experimentos/c241_rondas2000/envios_15000/c241_rondas2000_15000_s127531.csv,127531.0,15000,1b5234de73d6eb57187aa42baae9ef0d389e798531a5af9490c881598c1ad604
578,84,c241_rondas2000_15000_s184378.csv,/Users/agustina/Documents/segundo-cuatrimestre/competencia-1/experimentos/c241_rondas2000/envios_15000/c241_rondas2000_15000_s184378.csv,184378.0,15000,c2e7eed17856ea5e823a2b3f0e31c2fe9869dfcefdf43412dcdcae53b8f3aebd
579,84,c241_rondas2000_15000_s209582.csv,/Users/agustina/Documents/segundo-cuatrimestre/competencia-1/experimentos/c241_rondas2000/envios_15000/c241_rondas2000_15000_s209582.csv,209582.0,15000,1c2d14f245eef89531dc2d3f03ce70be13815567bc755353d628ff1e912fcd0b
580,84,c241_rondas2000_15000_s249236.csv,/Users/agustina/Documents/segundo-cuatrimestre/competencia-1/experimentos/c241_rondas2000/envios_15000/c241_rondas2000_15000_s249236.csv,249236.0,15000,706b27fa05f3fe411e8a3d00d9792efa4658cb44223f12191769f9748eb0bc6e
581,84,c241_rondas2000_15000_s253684.csv,/Users/agustina/Documents/segundo-cuatrimestre/competencia-1/experimentos/c241_rondas2000/envios_15000/c241_rondas2000_15000_s253684.csv,253684.0,15000,67f9cb4ae17d0b7194003ec645dc154e955ed07af20c74859b5b8c5b91f0f09a
582,84,c241_rondas2000_15000_s261431.csv,/Users/agustina/Documents/segundo-cuatrimestre/competencia-1/experimentos/c241_rondas2000/envios_15000/c241_rondas2000_15000_s261431.csv,261431.0,15000,502990e02583cd86d7f6747452d18ad2dcfc7e254b8ea39d48a21f5bc36cc91b
583,84,c241_rondas2000_15000_s269281.csv,/Users/agustina/Documents/segundo-cuatrimestre/competencia-1/experimentos/c241_rondas2000/envios_15000/c241_rondas2000_15000_s269281.csv,269281.0,15000,09c34002f09a3f6a8c01ea9151603cdbb62b5027de65e50b5fb35f6659d745cf
584,84,c241_rondas2000_15000_s329840.csv,/Users/agustina/Documents/segundo-cuatrimestre/competencia-1/experimentos/c241_rondas2000/envios_15000/c241_rondas2000_15000_s329840.csv,329840.0,15000,933dcfd8514f08659390645c2fb1e78f767f21ba2336a6259fe8859ef26f2660
585,84,c241_rondas2000_15000_s358170.csv,/Users/agustina/Documents/segundo-cuatrimestre/competencia-1/experimentos/c241_rondas2000/envios_15000/c241_rondas2000_15000_s358170.csv,358170.0,15000,a71e3bbfcf45ab267c949298289d73054f2ef1ae6370e8972c93cef19fd247f1
586,84,c241_rondas2000_15000_s429899.csv,/Users/agustina/Documents/segundo-cuatrimestre/competencia-1/experimentos/c241_rondas2000/envios_15000/c241_rondas2000_15000_s429899.csv,429899.0,15000,d0f1c7f9f100a9db3858b6879c584e334f0998aa030c3bfd303a465ab31ee9db
587,84,c241_rondas2000_15000_s49886.csv,/Users/agustina/Documents/segundo-cuatrimestre/competencia-1/experimentos/c241_rondas2000/envios_15000/c241_rondas2000_15000_s49886.csv,49886.0,15000,ca671d49482615a4b4ef6f11b8e5edfa1f9117f2b23fe5ee8beb6051f0754698
588,84,c241_rondas2000_15000_s560771.csv,/Users/agustina/Documents/segundo-cuatrimestre/competencia-1/experimentos/c241_rondas2000/envios_15000/c241_rondas2000_15000_s560771.csv,560771.0,15000,b6df2edc5e7b522359229c0b8969da3a16a8c71d387aafa31e380b2291907e41
589,84,c241_rondas2000_15000_s572096.csv,/Users/agustina/Documents/segundo-cuatrimestre/competencia-1/experimentos/c241_rondas2000/envios_15000/c241_rondas2000_15000_s572096.csv,572096.0,15000,3d194f7e92eff5925b5fc326d5808309cf48cb2ed5eea14f7ab38df3517102e9
590,84,c241_rondas2000_15000_s583252.csv,/Users/agustina/Documents/segundo-cuatrimestre/competencia-1/experimentos/c241_rondas2000/envios_15000/c241_rondas2000_15000_s583252.csv,583252.0,15000,3a89c5de5a7b3ab11b48fad3f79e16e83b114142cd5c469b8dc011ac6f7dbb90
591,84,c241_rondas2000_15000_s678107.csv,/Users/agustina/Documents/segundo-cuatrimestre/competencia-1/experimentos/c241_rondas2000/envios_15000/c241_rondas2000_15000_s678107.csv,678107.0,15000,b165ce77fb9bfa892abd4257ff49fc3040ad6c4843915d047f1ccef3b242f78f
592,84,c241_rondas2000_15000_s72635.csv,/Users/agustina/Documents/segundo-cuatrimestre/competencia-1/experimentos/c241_rondas2000/envios_15000/c241_rondas2000_15000_s72635.csv,72635.0,15000,bd253d95fa31630fb0ac7a19c301ad2e1b6058d7d6485600d50a3a4afb8a418c
593,84,c241_rondas2000_15000_s749401.csv,/Users/agustina/Documents/segundo-cuatrimestre/competencia-1/experimentos/c241_rondas2000/envios_15000/c241_rondas2000_15000_s749401.csv,749401.0,15000,b7a4839d099e99e686d41fdcd7684be896c91869bb6e0e4c747d0f7421009836
594,84,c241_rondas2000_15000_s842203.csv,/Users/agustina/Documents/segundo-cuatrimestre/competencia-1/experimentos/c241_rondas2000/envios_15000/c241_rondas2000_15000_s842203.csv,842203.0,15000,85d4f529f8dafe0b54125aa271a5c7651e5068ac91754ff9acdf69be33debebe
595,84,c241_rondas2000_15000_s878049.csv,/Users/agustina/Documents/segundo-cuatrimestre/competencia-1/experimentos/c241_rondas2000/envios_15000/c241_rondas2000_15000_s878049.csv,878049.0,15000,fc18b98ecc0a058571f75272c69ca3eab7ef59c4a3b6890aba9ff54336cfde89
596,84,c241_rondas2000_15000_s904620.csv,/Users/agustina/Documents/segundo-cuatrimestre/competencia-1/experimentos/c241_rondas2000/envios_15000/c241_rondas2000_15000_s904620.csv,904620.0,15000,ee414d75f93b9df9b59412a4067e4599ca5a2cb8cb71c4da63ec14f364c99dfb
597,85,c260_props2000_14000_s261431.csv,/Users/agustina/Documents/segundo-cuatrimestre/competencia-1/experimentos/c260_props2000/envios_14000/c260_props2000_14000_s261431.csv,261431.0,14000,51dbab7c0d9cbffa915ddad8dbba3893232724a15290b40d037d8d5f5932db2a
598,85,c260_props2000_14000_s269281.csv,/Users/agustina/Documents/segundo-cuatrimestre/competencia-1/experimentos/c260_props2000/envios_14000/c260_props2000_14000_s269281.csv,269281.0,14000,4b90fc19caa0417c02895bd03b40f674290745eeb286a371b316b89f51c4e055
599,85,c260_props2000_14000_s429899.csv,/Users/agustina/Documents/segundo-cuatrimestre/competencia-1/experimentos/c260_props2000/envios_14000/c260_props2000_14000_s429899.csv,429899.0,14000,6bed6afc0496d13dc2efc94fdd2469a87252f4d9dd1cee2532a56072ae1b4ebe
600,85,c260_props2000_14000_s560771.csv,/Users/agustina/Documents/segundo-cuatrimestre/competencia-1/experimentos/c260_props2000/envios_14000/c260_props2000_14000_s560771.csv,560771.0,14000,b89e1e784c1df2e46453badfed99fc18831b8c329d953109f59655d01ed566e9
601,85,c260_props2000_14000_s749401.csv,/Users/agustina/Documents/segundo-cuatrimestre/competencia-1/experimentos/c260_props2000/envios_14000/c260_props2000_14000_s749401.csv,749401.0,14000,830af1877caa0d4cd21ea2cd7fd7052ae46f41c4922bf5c2b18f58b003dcd5a7
602,86,c261_agregados2000_14000_s261431.csv,/Users/agustina/Documents/segundo-cuatrimestre/competencia-1/experimentos/c261_agregados2000/envios_14000/c261_agregados2000_14000_s261431.csv,261431.0,14000,c33c4e6e0e712e407d013b3ae4b3a25330af9ecf3b2f851a781197ef74adee80
603,86,c261_agregados2000_14000_s269281.csv,/Users/agustina/Documents/segundo-cuatrimestre/competencia-1/experimentos/c261_agregados2000/envios_14000/c261_agregados2000_14000_s269281.csv,269281.0,14000,57f30e7b38a51a557fef56ec5c9bf5d50fd6a7b63f6d88580e67c0645d73371c
604,86,c261_agregados2000_14000_s429899.csv,/Users/agustina/Documents/segundo-cuatrimestre/competencia-1/experimentos/c261_agregados2000/envios_14000/c261_agregados2000_14000_s429899.csv,429899.0,14000,923beb3f22148e3fc182d1981d6e057692da0334d4e002ead07e8afe5357c8db
605,86,c261_agregados2000_14000_s560771.csv,/Users/agustina/Documents/segundo-cuatrimestre/competencia-1/experimentos/c261_agregados2000/envios_14000/c261_agregados2000_14000_s560771.csv,560771.0,14000,e39fce7f08efd890a5428f244cfa3d2c85bcae532094deaedaa96206b396c847
606,86,c261_agregados2000_14000_s749401.csv,/Users/agustina/Documents/segundo-cuatrimestre/competencia-1/experimentos/c261_agregados2000/envios_14000/c261_agregados2000_14000_s749401.csv,749401.0,14000,8daf61e6e09ee9aec725a8bb75dbd898d043d250f03ddd004ebd6957d479bea9
607,87,c262_sin_muertas_14000_s261431.csv,/Users/agustina/Documents/segundo-cuatrimestre/competencia-1/experimentos/c262_sin_muertas/envios_14000/c262_sin_muertas_14000_s261431.csv,261431.0,14000,7b06c5b103a9b58d4664f155c8a1500e3e0fd6d70e8cf7620dd8113e37ccea32
608,87,c262_sin_muertas_14000_s269281.csv,/Users/agustina/Documents/segundo-cuatrimestre/competencia-1/experimentos/c262_sin_muertas/envios_14000/c262_sin_muertas_14000_s269281.csv,269281.0,14000,822d15ac5b0763cb911b7cd44d9a98c4295e512bf4d64eff3f0faf9434be13b0
609,87,c262_sin_muertas_14000_s429899.csv,/Users/agustina/Documents/segundo-cuatrimestre/competencia-1/experimentos/c262_sin_muertas/envios_14000/c262_sin_muertas_14000_s429899.csv,429899.0,14000,1e402d82741866de40e78295c68aa887bb6f42a5c2cb27697aaad964148737e9
610,87,c262_sin_muertas_14000_s560771.csv,/Users/agustina/Documents/segundo-cuatrimestre/competencia-1/experimentos/c262_sin_muertas/envios_14000/c262_sin_muertas_14000_s560771.csv,560771.0,14000,f2b27dc3e96899e98a1c0ed77e029946c6c1bd109f89557fb58692cf1963d2c6
611,87,c262_sin_muertas_14000_s749401.csv,/Users/agustina/Documents/segundo-cuatrimestre/competencia-1/experimentos/c262_sin_muertas/envios_14000/c262_sin_muertas_14000_s749401.csv,749401.0,14000,b8801aa924f1c4a5d74103850f06a5241b49ad00c56fa59475e89a990cbdaf9e
612,88,c264_ff04_14000_s261431.csv,/Users/agustina/Documents/segundo-cuatrimestre/competencia-1/experimentos/c264_ff04/envios_14000/c264_ff04_14000_s261431.csv,261431.0,14000,2666cfeb1bb319d66d89f209e5036ff4a1885bba4c451918cd13129580f8eaf3
613,88,c264_ff04_14000_s269281.csv,/Users/agustina/Documents/segundo-cuatrimestre/competencia-1/experimentos/c264_ff04/envios_14000/c264_ff04_14000_s269281.csv,269281.0,14000,e3034fb262c2b5f215da9bb1182f8069925ed76608d035c97910a2c2a0cee1b6
614,88,c264_ff04_14000_s429899.csv,/Users/agustina/Documents/segundo-cuatrimestre/competencia-1/experimentos/c264_ff04/envios_14000/c264_ff04_14000_s429899.csv,429899.0,14000,e8afa0afd16fa2cf5cc6820f840dc2d0866a4eb516b0028f819038d836aa900e
615,88,c264_ff04_14000_s560771.csv,/Users/agustina/Documents/segundo-cuatrimestre/competencia-1/experimentos/c264_ff04/envios_14000/c264_ff04_14000_s560771.csv,560771.0,14000,b7164dd44bc5740906d52ba524a0f78021cb6f7ac8b7c0534de9fa35ff2c9d16
616,88,c264_ff04_14000_s749401.csv,/Users/agustina/Documents/segundo-cuatrimestre/competencia-1/experimentos/c264_ff04/envios_14000/c264_ff04_14000_s749401.csv,749401.0,14000,5cd8266941b956f66f23dc760430269947a34e1e8649e793ce883e0686b6f18a
617,89,c265_ff03_14000_s261431.csv,/Users/agustina/Documents/segundo-cuatrimestre/competencia-1/experimentos/c265_ff03/envios_14000/c265_ff03_14000_s261431.csv,261431.0,14000,f0595a1464eab4a0adfc41df5ee1a3162eb176e50b0fc16cdc13e9ebd7673ab7
618,89,c265_ff03_14000_s269281.csv,/Users/agustina/Documents/segundo-cuatrimestre/competencia-1/experimentos/c265_ff03/envios_14000/c265_ff03_14000_s269281.csv,269281.0,14000,06ff174f1d8295283180b921a054f922f49282b6745d5ff141800341478a6fa9
619,89,c265_ff03_14000_s429899.csv,/Users/agustina/Documents/segundo-cuatrimestre/competencia-1/experimentos/c265_ff03/envios_14000/c265_ff03_14000_s429899.csv,429899.0,14000,f17402bbae0fe7743cca628187e51739d65bbbfea5100506b69b136eb311f212
620,89,c265_ff03_14000_s560771.csv,/Users/agustina/Documents/segundo-cuatrimestre/competencia-1/experimentos/c265_ff03/envios_14000/c265_ff03_14000_s560771.csv,560771.0,14000,30176e23e58369748d0261af349246ef7cb515f112f28e7602476fe5349db080
621,89,c265_ff03_14000_s749401.csv,/Users/agustina/Documents/segundo-cuatrimestre/competencia-1/experimentos/c265_ff03/envios_14000/c265_ff03_14000_s749401.csv,749401.0,14000,752bce1a850612c7839e14b5cf4695a6a6b762c77764d16fbf7ac7d753192cfa
622,90,c263_gain99_14000_s261431.csv,/Users/agustina/Documents/segundo-cuatrimestre/competencia-1/experimentos/c263_gain99/envios_14000/c263_gain99_14000_s261431.csv,261431.0,14000,b7ee2e77c48ba7ccc0af0f1fb4c54b655f3df7ad6ab6ee2a1a8749c7f364c86c
623,90,c263_gain99_14000_s269281.csv,/Users/agustina/Documents/segundo-cuatrimestre/competencia-1/experimentos/c263_gain99/envios_14000/c263_gain99_14000_s269281.csv,269281.0,14000,0a3e9335f3ea9e058e414bcd2e9d5025c42481e74950ddbf0eeefbd85fc0bd67
624,90,c263_gain99_14000_s429899.csv,/Users/agustina/Documents/segundo-cuatrimestre/competencia-1/experimentos/c263_gain99/envios_14000/c263_gain99_14000_s429899.csv,429899.0,14000,6abfd5ca8f2448f50f7155a0d70c14e455921a978ee0ab7de9b90a7b4992bcc9
625,90,c263_gain99_14000_s560771.csv,/Users/agustina/Documents/segundo-cuatrimestre/competencia-1/experimentos/c263_gain99/envios_14000/c263_gain99_14000_s560771.csv,560771.0,14000,5043939aaee57cb3d404718e8f21b5b22f72a4dbce024e3a2033924f9531b3e3
626,90,c263_gain99_14000_s749401.csv,/Users/agustina/Documents/segundo-cuatrimestre/competencia-1/experimentos/c263_gain99/envios_14000/c263_gain99_14000_s749401.csv,749401.0,14000,b3defbaed99fecb3f061a4513c1e81e3bc27b4262da277d1e6f2ea8347061671
627,91,c272_ens40_14000.csv,/Users/agustina/Documents/segundo-cuatrimestre/competencia-1/experimentos/c272_ens40/envios_14000/c272_ens40_14000.csv,,14000,7ace9c160cbc47ab047af41da18ee1774c2d3c71626cc3ba599c140d37e1643d
628,92,c271_mezcla_h1_p30_14000_s261431.csv,/Users/agustina/Documents/segundo-cuatrimestre/competencia-1/experimentos/c271_mezcla_h1_p30/envios_14000/c271_mezcla_h1_p30_14000_s261431.csv,261431.0,14000,976bec397cd2485c4cb27d383393ba5788ced3052d23a8a54e04c7837d8b13eb
629,92,c271_mezcla_h1_p30_14000_s269281.csv,/Users/agustina/Documents/segundo-cuatrimestre/competencia-1/experimentos/c271_mezcla_h1_p30/envios_14000/c271_mezcla_h1_p30_14000_s269281.csv,269281.0,14000,edcb182a6b9c29bbc07d62c586b5de0d933c8ddfe1bc28cee0f586611d126eff
630,92,c271_mezcla_h1_p30_14000_s429899.csv,/Users/agustina/Documents/segundo-cuatrimestre/competencia-1/experimentos/c271_mezcla_h1_p30/envios_14000/c271_mezcla_h1_p30_14000_s429899.csv,429899.0,14000,260d7c5fd7dde71485038048d725b393b0cad843a43cb7441644f93694696a5e
631,92,c271_mezcla_h1_p30_14000_s560771.csv,/Users/agustina/Documents/segundo-cuatrimestre/competencia-1/experimentos/c271_mezcla_h1_p30/envios_14000/c271_mezcla_h1_p30_14000_s560771.csv,560771.0,14000,4f1f9ec0b708c7aa66e06a4bb5ccb30bba7005c95787ab2a467f9e6a62069d32
632,92,c271_mezcla_h1_p30_14000_s749401.csv,/Users/agustina/Documents/segundo-cuatrimestre/competencia-1/experimentos/c271_mezcla_h1_p30/envios_14000/c271_mezcla_h1_p30_14000_s749401.csv,749401.0,14000,bf772da1fcbb03d37de056d9ae094f214a0e8ffe238de948cb6a9b1f8944b27a
633,93,c270_h1_0307_14000_s261431.csv,/Users/agustina/Documents/segundo-cuatrimestre/competencia-1/experimentos/c270_h1_0307/envios_14000/c270_h1_0307_14000_s261431.csv,261431.0,14000,74349a1ac3c25b2f10c0633480c57996633a97e2edb630b09e55abc677276a88
634,93,c270_h1_0307_14000_s269281.csv,/Users/agustina/Documents/segundo-cuatrimestre/competencia-1/experimentos/c270_h1_0307/envios_14000/c270_h1_0307_14000_s269281.csv,269281.0,14000,cec5ce1b12e0d974f1ceebb01ec8eee3bf405287564e3eb8a30cf2d830fa45dc
635,93,c270_h1_0307_14000_s429899.csv,/Users/agustina/Documents/segundo-cuatrimestre/competencia-1/experimentos/c270_h1_0307/envios_14000/c270_h1_0307_14000_s429899.csv,429899.0,14000,2709cd540b43bcc23ec308d436da641a2622a3585ba1469dcc49af9423aa0e09
636,93,c270_h1_0307_14000_s560771.csv,/Users/agustina/Documents/segundo-cuatrimestre/competencia-1/experimentos/c270_h1_0307/envios_14000/c270_h1_0307_14000_s560771.csv,560771.0,14000,ddfb8920ff33d5098882dcd217030e8f8fbc3035b1b202199355e3b78df3437c
637,93,c270_h1_0307_14000_s749401.csv,/Users/agustina/Documents/segundo-cuatrimestre/competencia-1/experimentos/c270_h1_0307/envios_14000/c270_h1_0307_14000_s749401.csv,749401.0,14000,2e141c1a1c4c74ea28a73996eb82c9c69b09a8c8a28577970b35bcad8f36ebee
638,94,c271_mezcla_h1_p15_14000_s261431.csv,/Users/agustina/Documents/segundo-cuatrimestre/competencia-1/experimentos/c271_mezcla_h1_p15/envios_14000/c271_mezcla_h1_p15_14000_s261431.csv,261431.0,14000,cea1ab401418c3cf3cae57a8af0de598f953d894dcf67c2913397b1ea1080e91
639,94,c271_mezcla_h1_p15_14000_s269281.csv,/Users/agustina/Documents/segundo-cuatrimestre/competencia-1/experimentos/c271_mezcla_h1_p15/envios_14000/c271_mezcla_h1_p15_14000_s269281.csv,269281.0,14000,e189812ef61580ffbf476d0e94f68bf3cdc08b8fb2c55a231d7846111685a653
640,94,c271_mezcla_h1_p15_14000_s429899.csv,/Users/agustina/Documents/segundo-cuatrimestre/competencia-1/experimentos/c271_mezcla_h1_p15/envios_14000/c271_mezcla_h1_p15_14000_s429899.csv,429899.0,14000,6087f6ec9a1675ee23c5f1883e2298f1788fb186add174bb4f3d7f5863335ddf
641,94,c271_mezcla_h1_p15_14000_s560771.csv,/Users/agustina/Documents/segundo-cuatrimestre/competencia-1/experimentos/c271_mezcla_h1_p15/envios_14000/c271_mezcla_h1_p15_14000_s560771.csv,560771.0,14000,de9a15307cb60e114909a4695c1a3cd4c79b249166adbb07e9240f6f125d314e
642,94,c271_mezcla_h1_p15_14000_s749401.csv,/Users/agustina/Documents/segundo-cuatrimestre/competencia-1/experimentos/c271_mezcla_h1_p15/envios_14000/c271_mezcla_h1_p15_14000_s749401.csv,749401.0,14000,a58f62c19979d723a0ce247c2c375d48a0ad49cbf40b0dd857eeea071311e7d8
643,95,c271_mezcla_h1_p50_14000_s261431.csv,/Users/agustina/Documents/segundo-cuatrimestre/competencia-1/experimentos/c271_mezcla_h1_p50/envios_14000/c271_mezcla_h1_p50_14000_s261431.csv,261431.0,14000,ee8daa412cb6667ac800173730930707099bcaee78b5a11c3f017f0c018741ee
644,95,c271_mezcla_h1_p50_14000_s269281.csv,/Users/agustina/Documents/segundo-cuatrimestre/competencia-1/experimentos/c271_mezcla_h1_p50/envios_14000/c271_mezcla_h1_p50_14000_s269281.csv,269281.0,14000,d51af031d81f21410d9aaf95a27da463f1915a1486786813a726a527babb167a
645,95,c271_mezcla_h1_p50_14000_s429899.csv,/Users/agustina/Documents/segundo-cuatrimestre/competencia-1/experimentos/c271_mezcla_h1_p50/envios_14000/c271_mezcla_h1_p50_14000_s429899.csv,429899.0,14000,6e537567b1ef2e6645223b1e072143b367b63a56efd4cb093cb4bde5c2e23ac2
646,95,c271_mezcla_h1_p50_14000_s560771.csv,/Users/agustina/Documents/segundo-cuatrimestre/competencia-1/experimentos/c271_mezcla_h1_p50/envios_14000/c271_mezcla_h1_p50_14000_s560771.csv,560771.0,14000,1a5f36f5d70f85b3fc69cba6172f94e797f8c351cb898bbcf61cfa4aff27c232
647,95,c271_mezcla_h1_p50_14000_s749401.csv,/Users/agustina/Documents/segundo-cuatrimestre/competencia-1/experimentos/c271_mezcla_h1_p50/envios_14000/c271_mezcla_h1_p50_14000_s749401.csv,749401.0,14000,afbbccb11bf367891d0192f6c13452dc58ceee9a6f3d139f02fbfb346a4309cd
648,96,c271_mezcla_h1_p70_14000_s261431.csv,/Users/agustina/Documents/segundo-cuatrimestre/competencia-1/experimentos/c271_mezcla_h1_p70/envios_14000/c271_mezcla_h1_p70_14000_s261431.csv,261431.0,14000,aa52cb9764aac8b2c04de8c2ec7cebe7c2144c1663b7e8722cdd49483b993fc3
649,96,c271_mezcla_h1_p70_14000_s269281.csv,/Users/agustina/Documents/segundo-cuatrimestre/competencia-1/experimentos/c271_mezcla_h1_p70/envios_14000/c271_mezcla_h1_p70_14000_s269281.csv,269281.0,14000,da2058a537ab222008fd1b7f0f970f100654999f5e1589e7dd137357c4084725
650,96,c271_mezcla_h1_p70_14000_s429899.csv,/Users/agustina/Documents/segundo-cuatrimestre/competencia-1/experimentos/c271_mezcla_h1_p70/envios_14000/c271_mezcla_h1_p70_14000_s429899.csv,429899.0,14000,549ff7c93e91100bb210ff0ef22234d40262a6b742e683b1c8a4bf93aa798a3e
651,96,c271_mezcla_h1_p70_14000_s560771.csv,/Users/agustina/Documents/segundo-cuatrimestre/competencia-1/experimentos/c271_mezcla_h1_p70/envios_14000/c271_mezcla_h1_p70_14000_s560771.csv,560771.0,14000,85ef93d7a53dd5cd348b9837eeb9906dc536a194d78cb157296b3e63d56590ff
652,96,c271_mezcla_h1_p70_14000_s749401.csv,/Users/agustina/Documents/segundo-cuatrimestre/competencia-1/experimentos/c271_mezcla_h1_p70/envios_14000/c271_mezcla_h1_p70_14000_s749401.csv,749401.0,14000,d5216605a0dd51fd646ae2b9373bbb3bd5990b0b3722079eedabf576c7188c70
653,97,c241_rondas2000_13500_s127531.csv,/Users/agustina/Documents/segundo-cuatrimestre/competencia-1/experimentos/c241_rondas2000/envios_13500/c241_rondas2000_13500_s127531.csv,127531.0,13500,e9bd74d95fe6d69919e25f34232df8dc041c4c1b335d6a56db00c75a51d7c25e
654,97,c241_rondas2000_13500_s184378.csv,/Users/agustina/Documents/segundo-cuatrimestre/competencia-1/experimentos/c241_rondas2000/envios_13500/c241_rondas2000_13500_s184378.csv,184378.0,13500,83f9f7be60c4ac4ba3606be797dc101ba81534682eb38ee165dc4bea1bbfc8a8
655,97,c241_rondas2000_13500_s209582.csv,/Users/agustina/Documents/segundo-cuatrimestre/competencia-1/experimentos/c241_rondas2000/envios_13500/c241_rondas2000_13500_s209582.csv,209582.0,13500,59024bd607e94bdeb854376c04a2c07eca8ecf5671bce9692feaa0f7583f234d
656,97,c241_rondas2000_13500_s249236.csv,/Users/agustina/Documents/segundo-cuatrimestre/competencia-1/experimentos/c241_rondas2000/envios_13500/c241_rondas2000_13500_s249236.csv,249236.0,13500,417d2e38934d727a05915c0219f0c31a846cbbbc41b2fab9a6fb4d80ef00e3aa
657,97,c241_rondas2000_13500_s253684.csv,/Users/agustina/Documents/segundo-cuatrimestre/competencia-1/experimentos/c241_rondas2000/envios_13500/c241_rondas2000_13500_s253684.csv,253684.0,13500,4cae11930144cbffa37de788a00c98f2538118330ad6e5963e8995cd687eef25
658,97,c241_rondas2000_13500_s261431.csv,/Users/agustina/Documents/segundo-cuatrimestre/competencia-1/experimentos/c241_rondas2000/envios_13500/c241_rondas2000_13500_s261431.csv,261431.0,13500,44c0368bd0ddfcc99690cebb7aebd683c3d444a6a3b381ecc12a8d58f31b3e4a
659,97,c241_rondas2000_13500_s269281.csv,/Users/agustina/Documents/segundo-cuatrimestre/competencia-1/experimentos/c241_rondas2000/envios_13500/c241_rondas2000_13500_s269281.csv,269281.0,13500,4652f70a9f105b59e1b7025dccf2289c6918db07b78c1ef4059f5950fd4ef5fa
660,97,c241_rondas2000_13500_s329840.csv,/Users/agustina/Documents/segundo-cuatrimestre/competencia-1/experimentos/c241_rondas2000/envios_13500/c241_rondas2000_13500_s329840.csv,329840.0,13500,b1e405fdeceb22b2053066c6b5b58bae82e7ffa9d3ad7ce458715610a481a8d1
661,97,c241_rondas2000_13500_s358170.csv,/Users/agustina/Documents/segundo-cuatrimestre/competencia-1/experimentos/c241_rondas2000/envios_13500/c241_rondas2000_13500_s358170.csv,358170.0,13500,c7272ea788095d4a9ef3b1327347c76ed142a3d02d237f50f037a4dcae0b88e7
662,97,c241_rondas2000_13500_s429899.csv,/Users/agustina/Documents/segundo-cuatrimestre/competencia-1/experimentos/c241_rondas2000/envios_13500/c241_rondas2000_13500_s429899.csv,429899.0,13500,f61e758fb4dccf06be975d844cdbb6ca738efb5d64df87e42d8cac6a49d60578
663,97,c241_rondas2000_13500_s49886.csv,/Users/agustina/Documents/segundo-cuatrimestre/competencia-1/experimentos/c241_rondas2000/envios_13500/c241_rondas2000_13500_s49886.csv,49886.0,13500,314de77ecd7abaafefee3714a6195b7ce9271d3a31f757c3dee7d3027668b314
664,97,c241_rondas2000_13500_s560771.csv,/Users/agustina/Documents/segundo-cuatrimestre/competencia-1/experimentos/c241_rondas2000/envios_13500/c241_rondas2000_13500_s560771.csv,560771.0,13500,5c5a1f64e5c34c286617bcf5e10b9a1ec208e4345a2350fb2147df9b6acfcaf5
665,97,c241_rondas2000_13500_s572096.csv,/Users/agustina/Documents/segundo-cuatrimestre/competencia-1/experimentos/c241_rondas2000/envios_13500/c241_rondas2000_13500_s572096.csv,572096.0,13500,dedf1f19eff1679074826530e83c0f8a34c334cf6524fab4a2b4900906a83928
666,97,c241_rondas2000_13500_s583252.csv,/Users/agustina/Documents/segundo-cuatrimestre/competencia-1/experimentos/c241_rondas2000/envios_13500/c241_rondas2000_13500_s583252.csv,583252.0,13500,897d3cdf9501d855eafe670b2465b7cc6f065f3c63484bc089cec935208acdb3
667,97,c241_rondas2000_13500_s678107.csv,/Users/agustina/Documents/segundo-cuatrimestre/competencia-1/experimentos/c241_rondas2000/envios_13500/c241_rondas2000_13500_s678107.csv,678107.0,13500,40e0cc8cda019f56d475d42a926f556e2e8c07a5f271e8abf2268ee9a06c6c05
668,97,c241_rondas2000_13500_s72635.csv,/Users/agustina/Documents/segundo-cuatrimestre/competencia-1/experimentos/c241_rondas2000/envios_13500/c241_rondas2000_13500_s72635.csv,72635.0,13500,997fcc8a1127d992b69d62726491f3bb206b0cb3580fecd393e7c52681a30c3c
669,97,c241_rondas2000_13500_s749401.csv,/Users/agustina/Documents/segundo-cuatrimestre/competencia-1/experimentos/c241_rondas2000/envios_13500/c241_rondas2000_13500_s749401.csv,749401.0,13500,e422cd0a1334b49dc24735b6fb0a0e631beab4b43e6c4bb8773aadeac08586b7
670,97,c241_rondas2000_13500_s842203.csv,/Users/agustina/Documents/segundo-cuatrimestre/competencia-1/experimentos/c241_rondas2000/envios_13500/c241_rondas2000_13500_s842203.csv,842203.0,13500,96a320a244c4126a45de7d5bc97ceaef42fa070eedffcf3d161b099130c2d99f
671,97,c241_rondas2000_13500_s878049.csv,/Users/agustina/Documents/segundo-cuatrimestre/competencia-1/experimentos/c241_rondas2000/envios_13500/c241_rondas2000_13500_s878049.csv,878049.0,13500,2afe0b29768fb477a7c4d4f1d8a53b2bfbda64abe108c048825a829c1ac47a1f
672,97,c241_rondas2000_13500_s904620.csv,/Users/agustina/Documents/segundo-cuatrimestre/competencia-1/experimentos/c241_rondas2000/envios_13500/c241_rondas2000_13500_s904620.csv,904620.0,13500,9b1999a6ecda75cdda218120aa4145484da6e12cbaead368baa3b66a8083b44b
673,98,c241_rondas2000_14500_s127531.csv,/Users/agustina/Documents/segundo-cuatrimestre/competencia-1/experimentos/c241_rondas2000/envios_14500/c241_rondas2000_14500_s127531.csv,127531.0,14500,4a79acf2f02572ebf57e8059d0f26d850b836158146f7438c9c10a70fea7bf20
674,98,c241_rondas2000_14500_s184378.csv,/Users/agustina/Documents/segundo-cuatrimestre/competencia-1/experimentos/c241_rondas2000/envios_14500/c241_rondas2000_14500_s184378.csv,184378.0,14500,8991058cbcf681ec3f48bfa618514265fd7546f7c4560d7c412a32c2e98db114
675,98,c241_rondas2000_14500_s209582.csv,/Users/agustina/Documents/segundo-cuatrimestre/competencia-1/experimentos/c241_rondas2000/envios_14500/c241_rondas2000_14500_s209582.csv,209582.0,14500,68af04bd0e67c3d66939e70e62fb69b5d280a2091cb8db9a1b81aa613dddd241
676,98,c241_rondas2000_14500_s249236.csv,/Users/agustina/Documents/segundo-cuatrimestre/competencia-1/experimentos/c241_rondas2000/envios_14500/c241_rondas2000_14500_s249236.csv,249236.0,14500,8211e8086063f80880283512f88f2a16e1f9695c15d16da2d07471bee4552754
677,98,c241_rondas2000_14500_s253684.csv,/Users/agustina/Documents/segundo-cuatrimestre/competencia-1/experimentos/c241_rondas2000/envios_14500/c241_rondas2000_14500_s253684.csv,253684.0,14500,611ae5ed7aeef39a820f4203a6168b91e94c73ce01fe96be45af6e295b913c50
678,98,c241_rondas2000_14500_s261431.csv,/Users/agustina/Documents/segundo-cuatrimestre/competencia-1/experimentos/c241_rondas2000/envios_14500/c241_rondas2000_14500_s261431.csv,261431.0,14500,808f2ffbe27d95d9ca17c69ceeedcf7e10b2b6a3853169d31958576f44475ece
679,98,c241_rondas2000_14500_s269281.csv,/Users/agustina/Documents/segundo-cuatrimestre/competencia-1/experimentos/c241_rondas2000/envios_14500/c241_rondas2000_14500_s269281.csv,269281.0,14500,32d6a510e3ff26432831b8db002f2a7453cc5e5966e4f63b8a6dfabdd82fbed9
680,98,c241_rondas2000_14500_s329840.csv,/Users/agustina/Documents/segundo-cuatrimestre/competencia-1/experimentos/c241_rondas2000/envios_14500/c241_rondas2000_14500_s329840.csv,329840.0,14500,0fe5b07e0b33f6bb4ce41aad4c03c7cbadc252b05b88bad6b34d29b4dd7c8ad2
681,98,c241_rondas2000_14500_s358170.csv,/Users/agustina/Documents/segundo-cuatrimestre/competencia-1/experimentos/c241_rondas2000/envios_14500/c241_rondas2000_14500_s358170.csv,358170.0,14500,a8a31ae8483fab8c4688d1113b4b0f76439e1be9ab4635fd657be5ea85bdc6e0
682,98,c241_rondas2000_14500_s429899.csv,/Users/agustina/Documents/segundo-cuatrimestre/competencia-1/experimentos/c241_rondas2000/envios_14500/c241_rondas2000_14500_s429899.csv,429899.0,14500,d0833dab33e9cb448821904e5735ff93a5ef39d28f15f7f5f7371c9a648fea20
683,98,c241_rondas2000_14500_s49886.csv,/Users/agustina/Documents/segundo-cuatrimestre/competencia-1/experimentos/c241_rondas2000/envios_14500/c241_rondas2000_14500_s49886.csv,49886.0,14500,f1069467207bec36e80792eb171fd375b7871ae6f5a2249a5147e59f69685dec
684,98,c241_rondas2000_14500_s560771.csv,/Users/agustina/Documents/segundo-cuatrimestre/competencia-1/experimentos/c241_rondas2000/envios_14500/c241_rondas2000_14500_s560771.csv,560771.0,14500,ec02dba7f9cd5cd562084cd865b200149737854c0f3bc231dce9f6b82e5b7d43
685,98,c241_rondas2000_14500_s572096.csv,/Users/agustina/Documents/segundo-cuatrimestre/competencia-1/experimentos/c241_rondas2000/envios_14500/c241_rondas2000_14500_s572096.csv,572096.0,14500,43bcce1c763140a8027576867807f0911a99550da5b55ee31dfc42692399edfc
686,98,c241_rondas2000_14500_s583252.csv,/Users/agustina/Documents/segundo-cuatrimestre/competencia-1/experimentos/c241_rondas2000/envios_14500/c241_rondas2000_14500_s583252.csv,583252.0,14500,060c7858b5aca0c1bff0c78a59699987cc1c38a2324db521053ed52709c45387
687,98,c241_rondas2000_14500_s678107.csv,/Users/agustina/Documents/segundo-cuatrimestre/competencia-1/experimentos/c241_rondas2000/envios_14500/c241_rondas2000_14500_s678107.csv,678107.0,14500,3f49fa124bea888a96372cf8d2bd619042721a137b4542ef3e022c00071020fb
688,98,c241_rondas2000_14500_s72635.csv,/Users/agustina/Documents/segundo-cuatrimestre/competencia-1/experimentos/c241_rondas2000/envios_14500/c241_rondas2000_14500_s72635.csv,72635.0,14500,a9d45348305e85cce2434cb560e6cba469402d0004fc22d9cd4433913f6f8ed9
689,98,c241_rondas2000_14500_s749401.csv,/Users/agustina/Documents/segundo-cuatrimestre/competencia-1/experimentos/c241_rondas2000/envios_14500/c241_rondas2000_14500_s749401.csv,749401.0,14500,bf4607de25b125298a8dd70784f0c1bdf8d2bb5bec1c6188c2ca03097c39b0ee
690,98,c241_rondas2000_14500_s842203.csv,/Users/agustina/Documents/segundo-cuatrimestre/competencia-1/experimentos/c241_rondas2000/envios_14500/c241_rondas2000_14500_s842203.csv,842203.0,14500,357c614d1e069eb8fe8dbd9edf7d8cc4b733eac634b9896327a049960f16ee61
691,98,c241_rondas2000_14500_s878049.csv,/Users/agustina/Documents/segundo-cuatrimestre/competencia-1/experimentos/c241_rondas2000/envios_14500/c241_rondas2000_14500_s878049.csv,878049.0,14500,70ef1c96564b959490bb4e9086d4918df377674c75df97f2c4b145bcb83ea0e4
692,98,c241_rondas2000_14500_s904620.csv,/Users/agustina/Documents/segundo-cuatrimestre/competencia-1/experimentos/c241_rondas2000/envios_14500/c241_rondas2000_14500_s904620.csv,904620.0,14500,5ea391fc027ee463408ec8f5d63c7662458f9b96d585b3489acaaf537e489548
693,99,c241_rondas2000_12000_s127531.csv,/Users/agustina/Documents/segundo-cuatrimestre/competencia-1/experimentos/c241_rondas2000/envios_12000/c241_rondas2000_12000_s127531.csv,127531.0,12000,d6b0282e46a55f5ce9e24519d3bc019cf75c30abe15af127f39c31b595831ab4
694,99,c241_rondas2000_12000_s184378.csv,/Users/agustina/Documents/segundo-cuatrimestre/competencia-1/experimentos/c241_rondas2000/envios_12000/c241_rondas2000_12000_s184378.csv,184378.0,12000,c35cde84568081b8f44102f769c405f8fd5984ce06e013808be1320f282ecfdc
695,99,c241_rondas2000_12000_s209582.csv,/Users/agustina/Documents/segundo-cuatrimestre/competencia-1/experimentos/c241_rondas2000/envios_12000/c241_rondas2000_12000_s209582.csv,209582.0,12000,c5ca9211707a0030ef1e7fe1613880275df40db8a19c640c5cdb7e64b6a62b8a
696,99,c241_rondas2000_12000_s249236.csv,/Users/agustina/Documents/segundo-cuatrimestre/competencia-1/experimentos/c241_rondas2000/envios_12000/c241_rondas2000_12000_s249236.csv,249236.0,12000,d875bbaf6e4807a7c1271e1f06ecafc66a9f83f3a978f56696853352ab03c8e0
697,99,c241_rondas2000_12000_s253684.csv,/Users/agustina/Documents/segundo-cuatrimestre/competencia-1/experimentos/c241_rondas2000/envios_12000/c241_rondas2000_12000_s253684.csv,253684.0,12000,869ad332f0c1deae9b700b85396afa7ffbd10449ccda2b0e0dd550ce2fed2b61
698,99,c241_rondas2000_12000_s261431.csv,/Users/agustina/Documents/segundo-cuatrimestre/competencia-1/experimentos/c241_rondas2000/envios_12000/c241_rondas2000_12000_s261431.csv,261431.0,12000,e4a6d33ca799233c7b0d2ab72dd3b3b86ff61efb909438c0381639edddedd584
699,99,c241_rondas2000_12000_s269281.csv,/Users/agustina/Documents/segundo-cuatrimestre/competencia-1/experimentos/c241_rondas2000/envios_12000/c241_rondas2000_12000_s269281.csv,269281.0,12000,bf2b860ed16226e8d599ff5cd762df1ff19eabf926338f1ca3ad2fb8a44e2f8e
700,99,c241_rondas2000_12000_s329840.csv,/Users/agustina/Documents/segundo-cuatrimestre/competencia-1/experimentos/c241_rondas2000/envios_12000/c241_rondas2000_12000_s329840.csv,329840.0,12000,d420b184ec5f15fe790855c37f84b51abbb0bb166091e54f7f46f0be446923ed
701,99,c241_rondas2000_12000_s358170.csv,/Users/agustina/Documents/segundo-cuatrimestre/competencia-1/experimentos/c241_rondas2000/envios_12000/c241_rondas2000_12000_s358170.csv,358170.0,12000,5de72e950e5035d0698805b27891cd27ce826b6b464c8993daf81ddd2758507b
702,99,c241_rondas2000_12000_s429899.csv,/Users/agustina/Documents/segundo-cuatrimestre/competencia-1/experimentos/c241_rondas2000/envios_12000/c241_rondas2000_12000_s429899.csv,429899.0,12000,e0b9b2c9091e1ef5935ea6f7c2899aa1a3a093fa3ba7668a62f89f95b62f07bf
703,99,c241_rondas2000_12000_s49886.csv,/Users/agustina/Documents/segundo-cuatrimestre/competencia-1/experimentos/c241_rondas2000/envios_12000/c241_rondas2000_12000_s49886.csv,49886.0,12000,a7a42e64efbc53902839ca9b11428cb46ff0b60a820cf84f5b6b27143a2c9454
704,99,c241_rondas2000_12000_s560771.csv,/Users/agustina/Documents/segundo-cuatrimestre/competencia-1/experimentos/c241_rondas2000/envios_12000/c241_rondas2000_12000_s560771.csv,560771.0,12000,2c57205b8f3260eedd7168ba671e7d61d103b1071a20a267b7bce0e16f9a0b8d
705,99,c241_rondas2000_12000_s572096.csv,/Users/agustina/Documents/segundo-cuatrimestre/competencia-1/experimentos/c241_rondas2000/envios_12000/c241_rondas2000_12000_s572096.csv,572096.0,12000,8fb5c80f54d6a0b860b8a0fa4281895b18c1e562c406b320e729caf7d427f46b
706,99,c241_rondas2000_12000_s583252.csv,/Users/agustina/Documents/segundo-cuatrimestre/competencia-1/experimentos/c241_rondas2000/envios_12000/c241_rondas2000_12000_s583252.csv,583252.0,12000,dc9c96c886fc3739c81d0271dfde0593a2b2096199eb29f3327a45fa67f29111
707,99,c241_rondas2000_12000_s678107.csv,/Users/agustina/Documents/segundo-cuatrimestre/competencia-1/experimentos/c241_rondas2000/envios_12000/c241_rondas2000_12000_s678107.csv,678107.0,12000,b48bace9524aabcb881247cc6139cf142c77320c26d46aff8ea211adf8d720fb
708,99,c241_rondas2000_12000_s72635.csv,/Users/agustina/Documents/segundo-cuatrimestre/competencia-1/experimentos/c241_rondas2000/envios_12000/c241_rondas2000_12000_s72635.csv,72635.0,12000,07ed9733b3620c7151d360b8b8c51bc2c8437c918426c72eedfa27a4a85c3f49
709,99,c241_rondas2000_12000_s749401.csv,/Users/agustina/Documents/segundo-cuatrimestre/competencia-1/experimentos/c241_rondas2000/envios_12000/c241_rondas2000_12000_s749401.csv,749401.0,12000,cf1c3f74a4145405521513b79ff1fb4542169263fd06536af1474040ea84774c
710,99,c241_rondas2000_12000_s842203.csv,/Users/agustina/Documents/segundo-cuatrimestre/competencia-1/experimentos/c241_rondas2000/envios_12000/c241_rondas2000_12000_s842203.csv,842203.0,12000,e694201f4b2a5b67cd51fd29343c3ed7bbf51e135c10d65fe9637d00cbf425bf
711,99,c241_rondas2000_12000_s878049.csv,/Users/agustina/Documents/segundo-cuatrimestre/competencia-1/experimentos/c241_rondas2000/envios_12000/c241_rondas2000_12000_s878049.csv,878049.0,12000,cb9e1538ac602a4fff22c80ea3d6a5eb2819a9e0335998b2cd27bdafae0110b5
712,99,c241_rondas2000_12000_s904620.csv,/Users/agustina/Documents/segundo-cuatrimestre/competencia-1/experimentos/c241_rondas2000/envios_12000/c241_rondas2000_12000_s904620.csv,904620.0,12000,f7a0ee2b4a9d5f1edd79b2786cb2d360365e9b452e870b36a3f5a3b269334c9f
713,100,c201_receta_lags_13000_s127531.csv,/Users/agustina/Documents/segundo-cuatrimestre/competencia-1/experimentos/c201_receta_lags/envios_13000/c201_receta_lags_13000_s127531.csv,127531.0,13000,9826359320a4d5dadea97b167e66e4c0b810031c67822b440093039db8747502
714,100,c201_receta_lags_13000_s184378.csv,/Users/agustina/Documents/segundo-cuatrimestre/competencia-1/experimentos/c201_receta_lags/envios_13000/c201_receta_lags_13000_s184378.csv,184378.0,13000,63abb71c358f42762f0b496de5b53de6dd01ea2be0fe85857a54d937708eef62
715,100,c201_receta_lags_13000_s209582.csv,/Users/agustina/Documents/segundo-cuatrimestre/competencia-1/experimentos/c201_receta_lags/envios_13000/c201_receta_lags_13000_s209582.csv,209582.0,13000,82fd54937d10b16da5a6a8b9c9d38053d1475560dec2543f951c7c3f94f0cb85
716,100,c201_receta_lags_13000_s249236.csv,/Users/agustina/Documents/segundo-cuatrimestre/competencia-1/experimentos/c201_receta_lags/envios_13000/c201_receta_lags_13000_s249236.csv,249236.0,13000,a47238f24f84b8939793b0f2ebe79708899b38333aacff2327ed2615a233412d
717,100,c201_receta_lags_13000_s253684.csv,/Users/agustina/Documents/segundo-cuatrimestre/competencia-1/experimentos/c201_receta_lags/envios_13000/c201_receta_lags_13000_s253684.csv,253684.0,13000,a0820b8167bb2e02e894d46a5a2a115d21011883e54d4c647102094e7bdca209
718,100,c201_receta_lags_13000_s261431.csv,/Users/agustina/Documents/segundo-cuatrimestre/competencia-1/experimentos/c201_receta_lags/envios_13000/c201_receta_lags_13000_s261431.csv,261431.0,13000,7f55b854e9deefb2ed22646de3128fc247ba69ee33dc34a863255f2796c80023
719,100,c201_receta_lags_13000_s269281.csv,/Users/agustina/Documents/segundo-cuatrimestre/competencia-1/experimentos/c201_receta_lags/envios_13000/c201_receta_lags_13000_s269281.csv,269281.0,13000,7e8ccb7789857ae27066daa05c12bb19c5d99792e2b9e531a44a2bcaaa153887
720,100,c201_receta_lags_13000_s329840.csv,/Users/agustina/Documents/segundo-cuatrimestre/competencia-1/experimentos/c201_receta_lags/envios_13000/c201_receta_lags_13000_s329840.csv,329840.0,13000,5c4e09e03fc262cdb7cf7daf64f8715b2e09b7479ce933cebc92c1bba04b9aca
721,100,c201_receta_lags_13000_s358170.csv,/Users/agustina/Documents/segundo-cuatrimestre/competencia-1/experimentos/c201_receta_lags/envios_13000/c201_receta_lags_13000_s358170.csv,358170.0,13000,0ad9ca3521ec39d69831bdff0c42e3e457967427926069295729a450fed1d1b7
722,100,c201_receta_lags_13000_s429899.csv,/Users/agustina/Documents/segundo-cuatrimestre/competencia-1/experimentos/c201_receta_lags/envios_13000/c201_receta_lags_13000_s429899.csv,429899.0,13000,e0da5a04cdee77770c63fb75c4771e685407a6cc86c70bca8b564dd2e63d32cb
723,100,c201_receta_lags_13000_s49886.csv,/Users/agustina/Documents/segundo-cuatrimestre/competencia-1/experimentos/c201_receta_lags/envios_13000/c201_receta_lags_13000_s49886.csv,49886.0,13000,645f61412365b9828ae2e5e45e9d66b868c4426bd11308b96b718bd48b20c301
724,100,c201_receta_lags_13000_s560771.csv,/Users/agustina/Documents/segundo-cuatrimestre/competencia-1/experimentos/c201_receta_lags/envios_13000/c201_receta_lags_13000_s560771.csv,560771.0,13000,99f2e8281fa345d51f8fb4116035faabb8904182986fc8f3824736b3e6726865
725,100,c201_receta_lags_13000_s572096.csv,/Users/agustina/Documents/segundo-cuatrimestre/competencia-1/experimentos/c201_receta_lags/envios_13000/c201_receta_lags_13000_s572096.csv,572096.0,13000,dc3012d147eb1d94618bd48f53bfa56cc21dfe8c50c4eefb395ae2606727cf8a
726,100,c201_receta_lags_13000_s583252.csv,/Users/agustina/Documents/segundo-cuatrimestre/competencia-1/experimentos/c201_receta_lags/envios_13000/c201_receta_lags_13000_s583252.csv,583252.0,13000,3f85e49a11938a11f0d3705ee12b9ed631c4f5f5c70e6b48b990a71aaf4dfa53
727,100,c201_receta_lags_13000_s678107.csv,/Users/agustina/Documents/segundo-cuatrimestre/competencia-1/experimentos/c201_receta_lags/envios_13000/c201_receta_lags_13000_s678107.csv,678107.0,13000,713da06aa55a08fee362816c9a33a640f0889977d8d7bc156e7826758df15821
728,100,c201_receta_lags_13000_s72635.csv,/Users/agustina/Documents/segundo-cuatrimestre/competencia-1/experimentos/c201_receta_lags/envios_13000/c201_receta_lags_13000_s72635.csv,72635.0,13000,a56e53a760ecb181cacb896cfd988f7dbdbcbeebe544f43b0957466fb18bda05
729,100,c201_receta_lags_13000_s749401.csv,/Users/agustina/Documents/segundo-cuatrimestre/competencia-1/experimentos/c201_receta_lags/envios_13000/c201_receta_lags_13000_s749401.csv,749401.0,13000,790ad2b0858dad019ff301ec663fd4c3f569433120b57680411c9c869a94e75e
730,100,c201_receta_lags_13000_s842203.csv,/Users/agustina/Documents/segundo-cuatrimestre/competencia-1/experimentos/c201_receta_lags/envios_13000/c201_receta_lags_13000_s842203.csv,842203.0,13000,dab2c6d6d53cecbe4f4776eea67ddd4596ec96a444686a3fa691f0581df0c451
731,100,c201_receta_lags_13000_s878049.csv,/Users/agustina/Documents/segundo-cuatrimestre/competencia-1/experimentos/c201_receta_lags/envios_13000/c201_receta_lags_13000_s878049.csv,878049.0,13000,ebba6cde2e6b8661c7f3f39203dce429679a16526ca73fe7dfa1e5b4a54b3863
732,100,c201_receta_lags_13000_s904620.csv,/Users/agustina/Documents/segundo-cuatrimestre/competencia-1/experimentos/c201_receta_lags/envios_13000/c201_receta_lags_13000_s904620.csv,904620.0,13000,795bb6779ad767c0f26a7dcc15c6cc777246435fa7c9f6004bdbccc4fc61c34a
733,101,c201_receta_lags_13500_s127531.csv,/Users/agustina/Documents/segundo-cuatrimestre/competencia-1/experimentos/c201_receta_lags/envios_13500/c201_receta_lags_13500_s127531.csv,127531.0,13500,54acd0be4b17f0c8ca6bc2c4c7f5277ed25cc4b174dce4537ec97af1ab7fb130
734,101,c201_receta_lags_13500_s184378.csv,/Users/agustina/Documents/segundo-cuatrimestre/competencia-1/experimentos/c201_receta_lags/envios_13500/c201_receta_lags_13500_s184378.csv,184378.0,13500,4c7c17374872d87a7f2852b4671bbf365db2425869adf21ffef8d9141818eff9
735,101,c201_receta_lags_13500_s209582.csv,/Users/agustina/Documents/segundo-cuatrimestre/competencia-1/experimentos/c201_receta_lags/envios_13500/c201_receta_lags_13500_s209582.csv,209582.0,13500,7c15ac1b151e06aadf46fa8220b25400c586ce08528ed50e8bb5c5fdbbb4fc48
736,101,c201_receta_lags_13500_s249236.csv,/Users/agustina/Documents/segundo-cuatrimestre/competencia-1/experimentos/c201_receta_lags/envios_13500/c201_receta_lags_13500_s249236.csv,249236.0,13500,6b6165a27b96100c0ab1ee941f0f3014bdb739d4f18474074515bcda7c1788b1
737,101,c201_receta_lags_13500_s253684.csv,/Users/agustina/Documents/segundo-cuatrimestre/competencia-1/experimentos/c201_receta_lags/envios_13500/c201_receta_lags_13500_s253684.csv,253684.0,13500,1f5c7e2801a14c6a16389143f99f2c7dd8bd6929aa376feefe60d4f7b3d5c8ca
738,101,c201_receta_lags_13500_s261431.csv,/Users/agustina/Documents/segundo-cuatrimestre/competencia-1/experimentos/c201_receta_lags/envios_13500/c201_receta_lags_13500_s261431.csv,261431.0,13500,b97c12b10bb8f1e5b922d04ee2e1ec7ed7765047d561d1265298d75dbf36d2be
739,101,c201_receta_lags_13500_s269281.csv,/Users/agustina/Documents/segundo-cuatrimestre/competencia-1/experimentos/c201_receta_lags/envios_13500/c201_receta_lags_13500_s269281.csv,269281.0,13500,6f7b60040d41bc7b6bd2f380008a8b04a0a4f302d49e5e873273f70582d612e2
740,101,c201_receta_lags_13500_s329840.csv,/Users/agustina/Documents/segundo-cuatrimestre/competencia-1/experimentos/c201_receta_lags/envios_13500/c201_receta_lags_13500_s329840.csv,329840.0,13500,cda6e16dff015d54ddc55b2ed08372ffc270332c61461e362c649e489bfa4ccb
741,101,c201_receta_lags_13500_s358170.csv,/Users/agustina/Documents/segundo-cuatrimestre/competencia-1/experimentos/c201_receta_lags/envios_13500/c201_receta_lags_13500_s358170.csv,358170.0,13500,8096bc03118ed951eb6f68185d70c9624551220e37b49e4f6097d76aba7989cd
742,101,c201_receta_lags_13500_s429899.csv,/Users/agustina/Documents/segundo-cuatrimestre/competencia-1/experimentos/c201_receta_lags/envios_13500/c201_receta_lags_13500_s429899.csv,429899.0,13500,2800035ab57ab525082646e3f494a019f4727e0d57cdae4d690f3eceef0055a6
743,101,c201_receta_lags_13500_s49886.csv,/Users/agustina/Documents/segundo-cuatrimestre/competencia-1/experimentos/c201_receta_lags/envios_13500/c201_receta_lags_13500_s49886.csv,49886.0,13500,3702d3d243e4d5686e0c02dc4df9b3bf5a257bbb075fe73a8b13fb7a6c396c08
744,101,c201_receta_lags_13500_s560771.csv,/Users/agustina/Documents/segundo-cuatrimestre/competencia-1/experimentos/c201_receta_lags/envios_13500/c201_receta_lags_13500_s560771.csv,560771.0,13500,46d5d0432acf26ee2094b41fba51777ad449f664246ec7f38758de4f162e3e58
745,101,c201_receta_lags_13500_s572096.csv,/Users/agustina/Documents/segundo-cuatrimestre/competencia-1/experimentos/c201_receta_lags/envios_13500/c201_receta_lags_13500_s572096.csv,572096.0,13500,96b4b15c1c16601896baac5b1fb976fcc0324a7206913676c77c634493b93643
746,101,c201_receta_lags_13500_s583252.csv,/Users/agustina/Documents/segundo-cuatrimestre/competencia-1/experimentos/c201_receta_lags/envios_13500/c201_receta_lags_13500_s583252.csv,583252.0,13500,fca0e77d6ba91591d370fdb20a981c9f435dab7fa15275e1128c5265459cd505
747,101,c201_receta_lags_13500_s678107.csv,/Users/agustina/Documents/segundo-cuatrimestre/competencia-1/experimentos/c201_receta_lags/envios_13500/c201_receta_lags_13500_s678107.csv,678107.0,13500,58399bf3966809344f0a8660fc4072aed5696612c592f81f2a97c172fb5644be
748,101,c201_receta_lags_13500_s72635.csv,/Users/agustina/Documents/segundo-cuatrimestre/competencia-1/experimentos/c201_receta_lags/envios_13500/c201_receta_lags_13500_s72635.csv,72635.0,13500,7cf8f5deda3cfd4193e7194f5d85b806828488bf4829e83dc3ed56ba72bbf461
749,101,c201_receta_lags_13500_s749401.csv,/Users/agustina/Documents/segundo-cuatrimestre/competencia-1/experimentos/c201_receta_lags/envios_13500/c201_receta_lags_13500_s749401.csv,749401.0,13500,280f43eb3e1c1296671a43883072a1011f9fa1fb399786d47a7533a07377c7b0
750,101,c201_receta_lags_13500_s842203.csv,/Users/agustina/Documents/segundo-cuatrimestre/competencia-1/experimentos/c201_receta_lags/envios_13500/c201_receta_lags_13500_s842203.csv,842203.0,13500,7387999ee2b4515549073af5fc66036facd005c2d43d32342b8e9c25eedee85d
751,101,c201_receta_lags_13500_s878049.csv,/Users/agustina/Documents/segundo-cuatrimestre/competencia-1/experimentos/c201_receta_lags/envios_13500/c201_receta_lags_13500_s878049.csv,878049.0,13500,4c7ae8124eb53c0bb06807ba6868d9eded5f1afd53c6693d36c90e87b6911055
752,101,c201_receta_lags_13500_s904620.csv,/Users/agustina/Documents/segundo-cuatrimestre/competencia-1/experimentos/c201_receta_lags/envios_13500/c201_receta_lags_13500_s904620.csv,904620.0,13500,cb3549a0872420519191d9de61be4b2702603e7a228bf04fdc13ff367aa59dea
753,102,c201_receta_lags_14500_s127531.csv,/Users/agustina/Documents/segundo-cuatrimestre/competencia-1/experimentos/c201_receta_lags/envios_14500/c201_receta_lags_14500_s127531.csv,127531.0,14500,67726b3f3d5b4e5a48a0116d12848073be6c3170c5361ac896058c2a3e70d3d8
754,102,c201_receta_lags_14500_s184378.csv,/Users/agustina/Documents/segundo-cuatrimestre/competencia-1/experimentos/c201_receta_lags/envios_14500/c201_receta_lags_14500_s184378.csv,184378.0,14500,f952620d4434d9be2d801daaaca80d2e3ee69381de9ba656f4b78e552ea9874b
755,102,c201_receta_lags_14500_s209582.csv,/Users/agustina/Documents/segundo-cuatrimestre/competencia-1/experimentos/c201_receta_lags/envios_14500/c201_receta_lags_14500_s209582.csv,209582.0,14500,460d01122c83d91bdd676d3e420f7ace4d75277aad4592e2ad61b1c50d62c5bd
756,102,c201_receta_lags_14500_s249236.csv,/Users/agustina/Documents/segundo-cuatrimestre/competencia-1/experimentos/c201_receta_lags/envios_14500/c201_receta_lags_14500_s249236.csv,249236.0,14500,ceb46ad745f81888326cd4e7bf4508f9780b897087684e79908a913955ffdeb0
757,102,c201_receta_lags_14500_s253684.csv,/Users/agustina/Documents/segundo-cuatrimestre/competencia-1/experimentos/c201_receta_lags/envios_14500/c201_receta_lags_14500_s253684.csv,253684.0,14500,9ed78da3a0478f0b768a0e94d229e84c94f9436113eb3ac3c77421c4d59bff5c
758,102,c201_receta_lags_14500_s261431.csv,/Users/agustina/Documents/segundo-cuatrimestre/competencia-1/experimentos/c201_receta_lags/envios_14500/c201_receta_lags_14500_s261431.csv,261431.0,14500,c737273162d8db829c1f4a0604abe9199fa6998766b0f016bce91705537c00f5
759,102,c201_receta_lags_14500_s269281.csv,/Users/agustina/Documents/segundo-cuatrimestre/competencia-1/experimentos/c201_receta_lags/envios_14500/c201_receta_lags_14500_s269281.csv,269281.0,14500,c38e91ea3ab222e3610a8d9d91027c2362f83686a6b39475373e8e9c28384c35
760,102,c201_receta_lags_14500_s329840.csv,/Users/agustina/Documents/segundo-cuatrimestre/competencia-1/experimentos/c201_receta_lags/envios_14500/c201_receta_lags_14500_s329840.csv,329840.0,14500,ce19861750f0b33b00539e864c4429153b89904e40825d6e54e2507089208619
761,102,c201_receta_lags_14500_s358170.csv,/Users/agustina/Documents/segundo-cuatrimestre/competencia-1/experimentos/c201_receta_lags/envios_14500/c201_receta_lags_14500_s358170.csv,358170.0,14500,9141f7259059d45b1996640475ced554e81338fdce3e2c0714c2ba881198b9e5
762,102,c201_receta_lags_14500_s429899.csv,/Users/agustina/Documents/segundo-cuatrimestre/competencia-1/experimentos/c201_receta_lags/envios_14500/c201_receta_lags_14500_s429899.csv,429899.0,14500,2b278c4a4dae10a3e6f4b4098326d80825412474b3a064d418eda8591dc3682c
763,102,c201_receta_lags_14500_s49886.csv,/Users/agustina/Documents/segundo-cuatrimestre/competencia-1/experimentos/c201_receta_lags/envios_14500/c201_receta_lags_14500_s49886.csv,49886.0,14500,f3f0cf61fda7eeaf0c8e35b4adb556b730858c780b7ea7c83883be4a022c9ee8
764,102,c201_receta_lags_14500_s560771.csv,/Users/agustina/Documents/segundo-cuatrimestre/competencia-1/experimentos/c201_receta_lags/envios_14500/c201_receta_lags_14500_s560771.csv,560771.0,14500,265f7ff97b3716f859a61514020560c5a234c00719d69cb573accdb10118c45f
765,102,c201_receta_lags_14500_s572096.csv,/Users/agustina/Documents/segundo-cuatrimestre/competencia-1/experimentos/c201_receta_lags/envios_14500/c201_receta_lags_14500_s572096.csv,572096.0,14500,a41b8ecfd865d2aceea29a9b722bd7c4328cbfafffcca8196363a2788e019997
766,102,c201_receta_lags_14500_s583252.csv,/Users/agustina/Documents/segundo-cuatrimestre/competencia-1/experimentos/c201_receta_lags/envios_14500/c201_receta_lags_14500_s583252.csv,583252.0,14500,98e3598d470d091c463be2488937e87c62c9f915e6b90795d57574ca8c9c2743
767,102,c201_receta_lags_14500_s678107.csv,/Users/agustina/Documents/segundo-cuatrimestre/competencia-1/experimentos/c201_receta_lags/envios_14500/c201_receta_lags_14500_s678107.csv,678107.0,14500,2418985952d446caae55fa47aed96639448ef49bfeed487c430e3d25abb9409f
768,102,c201_receta_lags_14500_s72635.csv,/Users/agustina/Documents/segundo-cuatrimestre/competencia-1/experimentos/c201_receta_lags/envios_14500/c201_receta_lags_14500_s72635.csv,72635.0,14500,9d5e38d1a11a24fc97b2854910c02829b97d8b75879d3b0e1a3bf9448ae4e31a
769,102,c201_receta_lags_14500_s749401.csv,/Users/agustina/Documents/segundo-cuatrimestre/competencia-1/experimentos/c201_receta_lags/envios_14500/c201_receta_lags_14500_s749401.csv,749401.0,14500,98234c7f7c4731aec276604e50b75ca38ba9c649589c2bbfbf3d688bbc3eb25b
770,102,c201_receta_lags_14500_s842203.csv,/Users/agustina/Documents/segundo-cuatrimestre/competencia-1/experimentos/c201_receta_lags/envios_14500/c201_receta_lags_14500_s842203.csv,842203.0,14500,072ca7800cded407e5237451bbc65b9d4528ee7187b116cb2e81d71b949c57ac
771,102,c201_receta_lags_14500_s878049.csv,/Users/agustina/Documents/segundo-cuatrimestre/competencia-1/experimentos/c201_receta_lags/envios_14500/c201_receta_lags_14500_s878049.csv,878049.0,14500,79b460096e111bc1500edb22cdfc2f2a7c78262b5c9d679feaed1c28313219e9
772,102,c201_receta_lags_14500_s904620.csv,/Users/agustina/Documents/segundo-cuatrimestre/competencia-1/experimentos/c201_receta_lags/envios_14500/c201_receta_lags_14500_s904620.csv,904620.0,14500,25268b00ab04855e2016a036303f3165c0da9bf425c609f94a9c8657dc76e3ff
773,103,c201_receta_lags_15000_s127531.csv,/Users/agustina/Documents/segundo-cuatrimestre/competencia-1/experimentos/c201_receta_lags/envios_15000/c201_receta_lags_15000_s127531.csv,127531.0,15000,80f8ba82ccda5d79ae7a17792fb9136976fa296e9664ea870f288145d66c812c
774,103,c201_receta_lags_15000_s184378.csv,/Users/agustina/Documents/segundo-cuatrimestre/competencia-1/experimentos/c201_receta_lags/envios_15000/c201_receta_lags_15000_s184378.csv,184378.0,15000,c62c3d123c0402b1799f5436f93ae497cdcf0a5fb4d5d36377515776e599ffa3
775,103,c201_receta_lags_15000_s209582.csv,/Users/agustina/Documents/segundo-cuatrimestre/competencia-1/experimentos/c201_receta_lags/envios_15000/c201_receta_lags_15000_s209582.csv,209582.0,15000,33d9ee74dc1bc12e56b8bf7877f06a444ab175d523e8a2fdd8258f5b3baa707e
776,103,c201_receta_lags_15000_s249236.csv,/Users/agustina/Documents/segundo-cuatrimestre/competencia-1/experimentos/c201_receta_lags/envios_15000/c201_receta_lags_15000_s249236.csv,249236.0,15000,2854aed9c2471b178e471a70c30738a222d98dea91e830d050570e6721c7b151
777,103,c201_receta_lags_15000_s253684.csv,/Users/agustina/Documents/segundo-cuatrimestre/competencia-1/experimentos/c201_receta_lags/envios_15000/c201_receta_lags_15000_s253684.csv,253684.0,15000,c6969fe203f9e1afed1ead344db409078f50a4600793b7f2a6a500e1c46de577
778,103,c201_receta_lags_15000_s261431.csv,/Users/agustina/Documents/segundo-cuatrimestre/competencia-1/experimentos/c201_receta_lags/envios_15000/c201_receta_lags_15000_s261431.csv,261431.0,15000,d5501ec6a71fd3a39fbb74d191cc63708d12be1963925c2bed30b722598f36e0
779,103,c201_receta_lags_15000_s269281.csv,/Users/agustina/Documents/segundo-cuatrimestre/competencia-1/experimentos/c201_receta_lags/envios_15000/c201_receta_lags_15000_s269281.csv,269281.0,15000,d9434d43c3bb1b08a4335bc49e549172cc4c04db296a6e3d443d91f675959006
780,103,c201_receta_lags_15000_s329840.csv,/Users/agustina/Documents/segundo-cuatrimestre/competencia-1/experimentos/c201_receta_lags/envios_15000/c201_receta_lags_15000_s329840.csv,329840.0,15000,5766d85e4f5f18c5ba169b359dcc85960c2b463552219c7743c397f75cd5d536
781,103,c201_receta_lags_15000_s358170.csv,/Users/agustina/Documents/segundo-cuatrimestre/competencia-1/experimentos/c201_receta_lags/envios_15000/c201_receta_lags_15000_s358170.csv,358170.0,15000,683941a0d534d69776fd2a4d71afb8ecbaa3f68f996f052ecf0902beae093ea9
782,103,c201_receta_lags_15000_s429899.csv,/Users/agustina/Documents/segundo-cuatrimestre/competencia-1/experimentos/c201_receta_lags/envios_15000/c201_receta_lags_15000_s429899.csv,429899.0,15000,701b1c5114ad7757881d98b5ec99dd389c5b3898b343895b6b90abc258dee92a
783,103,c201_receta_lags_15000_s49886.csv,/Users/agustina/Documents/segundo-cuatrimestre/competencia-1/experimentos/c201_receta_lags/envios_15000/c201_receta_lags_15000_s49886.csv,49886.0,15000,7148c41119fe24414059057510af9df7db0ea315dd983ffddbd4ca2ef0fec52c
784,103,c201_receta_lags_15000_s560771.csv,/Users/agustina/Documents/segundo-cuatrimestre/competencia-1/experimentos/c201_receta_lags/envios_15000/c201_receta_lags_15000_s560771.csv,560771.0,15000,1934a7ff1a1790be9d1b7f33412ce9d9df7c8fd7b6a1dd84ea1e2713f500a1a0
785,103,c201_receta_lags_15000_s572096.csv,/Users/agustina/Documents/segundo-cuatrimestre/competencia-1/experimentos/c201_receta_lags/envios_15000/c201_receta_lags_15000_s572096.csv,572096.0,15000,2181f74e3f1dfee94e0a73a96d965c924ab588d80dad4658f8efe2d4f42f1c8d
786,103,c201_receta_lags_15000_s583252.csv,/Users/agustina/Documents/segundo-cuatrimestre/competencia-1/experimentos/c201_receta_lags/envios_15000/c201_receta_lags_15000_s583252.csv,583252.0,15000,b3718467c7ce78c52867117a4220c9359670c4f21f5121124b59d97daeb4d4b1
787,103,c201_receta_lags_15000_s678107.csv,/Users/agustina/Documents/segundo-cuatrimestre/competencia-1/experimentos/c201_receta_lags/envios_15000/c201_receta_lags_15000_s678107.csv,678107.0,15000,e0c282907d21b2d01d435f8696b0d60833f9df32fda264c9a24891a6993a5a4a
788,103,c201_receta_lags_15000_s72635.csv,/Users/agustina/Documents/segundo-cuatrimestre/competencia-1/experimentos/c201_receta_lags/envios_15000/c201_receta_lags_15000_s72635.csv,72635.0,15000,4eac3a5153bf3135ba8548e7e00871997790c79ad2e321da41e3e73298bd5309
789,103,c201_receta_lags_15000_s749401.csv,/Users/agustina/Documents/segundo-cuatrimestre/competencia-1/experimentos/c201_receta_lags/envios_15000/c201_receta_lags_15000_s749401.csv,749401.0,15000,b88124d82a642620e6d5e54de3616b094227851fb8a1dcfef3c8e6d2dd5c6c99
790,103,c201_receta_lags_15000_s842203.csv,/Users/agustina/Documents/segundo-cuatrimestre/competencia-1/experimentos/c201_receta_lags/envios_15000/c201_receta_lags_15000_s842203.csv,842203.0,15000,9a72e2b1c032cd7e310e6b6e9e9df42873e719f0989f51138bb7f1b9fa0b6f8b
791,103,c201_receta_lags_15000_s878049.csv,/Users/agustina/Documents/segundo-cuatrimestre/competencia-1/experimentos/c201_receta_lags/envios_15000/c201_receta_lags_15000_s878049.csv,878049.0,15000,4fb5457acaef898516b233d329a4ba86d4562bce507fba4971b14a81b01328f3
792,103,c201_receta_lags_15000_s904620.csv,/Users/agustina/Documents/segundo-cuatrimestre/competencia-1/experimentos/c201_receta_lags/envios_15000/c201_receta_lags_15000_s904620.csv,904620.0,15000,d692b38eb9f6abfd3e75eea808441257a0595d7d554bbf2ba7f29e4430ad4655
793,104,c290_sin_ctrx_14000_s261431.csv,/Users/agustina/Documents/segundo-cuatrimestre/competencia-1/experimentos/c290_sin_ctrx/envios_14000/c290_sin_ctrx_14000_s261431.csv,261431.0,14000,7ba582b844992ac70134e9785b81f93b524b5ee4373f02a16527aa64757cc070
794,104,c290_sin_ctrx_14000_s269281.csv,/Users/agustina/Documents/segundo-cuatrimestre/competencia-1/experimentos/c290_sin_ctrx/envios_14000/c290_sin_ctrx_14000_s269281.csv,269281.0,14000,64b0e03e7ebf5080bf677b51c715c740c5758a7eddd16e5b57acc4f912217ae0
795,104,c290_sin_ctrx_14000_s429899.csv,/Users/agustina/Documents/segundo-cuatrimestre/competencia-1/experimentos/c290_sin_ctrx/envios_14000/c290_sin_ctrx_14000_s429899.csv,429899.0,14000,b0671095203df0a47299fb53c48bbb89592640abed2db3575b71dadd950a408a
796,104,c290_sin_ctrx_14000_s560771.csv,/Users/agustina/Documents/segundo-cuatrimestre/competencia-1/experimentos/c290_sin_ctrx/envios_14000/c290_sin_ctrx_14000_s560771.csv,560771.0,14000,3bba2b497a70f78aa3befd4213b3c87125ed020518ba705a27c5a5f8467b7ee7
797,104,c290_sin_ctrx_14000_s749401.csv,/Users/agustina/Documents/segundo-cuatrimestre/competencia-1/experimentos/c290_sin_ctrx/envios_14000/c290_sin_ctrx_14000_s749401.csv,749401.0,14000,e501a21c19566e264035c445c8a70c078da4121921ff478baae9a63edc58c4aa
